seed,candidate_index,digit_id,is_target,eccentricity,score,valid_fraction
10000,3,50407,1,0,6.863796710968018,1.0
10000,3,50407,1,36,6.6881866455078125,1.0
10000,3,50407,1,60,4.305129528045654,0.9957682291666666
10000,3,50407,1,84,-1.6208446025848389,1.0
10000,3,50407,1,120,-3.400556802749634,0.9998914930555556
10000,3,50407,1,180,-3.8568320274353027,1.0
10000,3,50407,1,270,-9.843066215515137,1.0
10000,3,50407,1,405,-9.843968391418457,1.0
10000,3,50407,1,729,-9.490876197814941,1.0
10000,3,50407,1,1050,-9.491050720214844,1.0
10000,0,53500,0,0,-10.011640548706055,1.0
10000,0,53500,0,36,-10.920769691467285,1.0
10000,0,53500,0,60,-8.91382884979248,1.0
10000,0,53500,0,84,-6.072379112243652,0.9986979166666666
10000,0,53500,0,120,-3.184039831161499,1.0
10000,0,53500,0,180,-2.2006142139434814,1.0
10000,0,53500,0,270,-10.031731605529785,1.0
10000,0,53500,0,405,-9.753518104553223,1.0
10000,0,53500,0,729,-9.505508422851562,1.0
10000,0,53500,0,1050,-9.492547988891602,1.0
10001,9,52368,1,0,6.654416084289551,1.0
10001,9,52368,1,36,6.730869293212891,0.9934895833333334
10001,9,52368,1,60,0.3280757665634155,1.0
10001,9,52368,1,84,-7.655658721923828,0.9916449652777778
10001,9,52368,1,120,-1.1520485877990723,1.0
10001,9,52368,1,180,-8.597247123718262,1.0
10001,9,52368,1,270,-8.110283851623535,1.0
10001,9,52368,1,405,-8.066503524780273,1.0
10001,9,52368,1,729,-7.88909912109375,1.0
10001,9,52368,1,1050,-7.900155067443848,0.9997829861111112
10001,10,53475,0,0,-19.321008682250977,1.0
10001,10,53475,0,36,-18.756561279296875,1.0
10001,10,53475,0,60,-12.136407852172852,1.0
10001,10,53475,0,84,-8.640227317810059,1.0
10001,10,53475,0,120,-4.827512741088867,1.0
10001,10,53475,0,180,-5.115087509155273,1.0
10001,10,53475,0,270,-8.200850486755371,1.0
10001,10,53475,0,405,-8.133471488952637,1.0
10001,10,53475,0,729,-7.9086809158325195,1.0
10001,10,53475,0,1050,-7.9379658699035645,1.0
10002,7,52548,1,0,6.038053512573242,1.0
10002,7,52548,1,36,5.221029758453369,1.0
10002,7,52548,1,60,0.6592402458190918,0.9919704861111112
10002,7,52548,1,84,1.588180422782898,1.0
10002,7,52548,1,120,0.45442700386047363,0.9975043402777778
10002,7,52548,1,180,-0.542579174041748,1.0
10002,7,52548,1,270,-8.744698524475098,1.0
10002,7,52548,1,405,-8.529813766479492,1.0
10002,7,52548,1,729,-8.41196346282959,1.0
10002,7,52548,1,1050,-8.43500804901123,1.0
10002,3,53664,0,0,-24.160484313964844,1.0
10002,3,53664,0,36,-20.090251922607422,0.9921875
10002,3,53664,0,60,-18.463115692138672,1.0
10002,3,53664,0,84,-9.707042694091797,0.9978298611111112
10002,3,53664,0,120,-6.130460739135742,1.0
10002,3,53664,0,180,-4.811992645263672,1.0
10002,3,53664,0,270,-8.800443649291992,1.0
10002,3,53664,0,405,-8.629191398620605,1.0
10002,3,53664,0,729,-8.450191497802734,1.0
10002,3,53664,0,1050,-8.426928520202637,1.0
10003,3,52307,1,0,10.885052680969238,1.0
10003,3,52307,1,36,14.818035125732422,0.9916449652777778
10003,3,52307,1,60,6.267327308654785,1.0
10003,3,52307,1,84,6.10667610168457,1.0
10003,3,52307,1,120,1.4689929485321045,1.0
10003,3,52307,1,180,-2.6292996406555176,1.0
10003,3,52307,1,270,-8.135584831237793,1.0
10003,3,52307,1,405,-8.033960342407227,1.0
10003,3,52307,1,729,-7.910800457000732,1.0
10003,3,52307,1,1050,-7.891178607940674,1.0
10003,4,53804,0,0,-28.012529373168945,1.0
10003,4,53804,0,36,-27.608875274658203,0.9927300347222222
10003,4,53804,0,60,-22.339794158935547,1.0
10003,4,53804,0,84,-14.006376266479492,1.0
10003,4,53804,0,120,-9.021260261535645,1.0
10003,4,53804,0,180,-3.8679678440093994,1.0
10003,4,53804,0,270,-8.320472717285156,1.0
10003,4,53804,0,405,-8.123746871948242,1.0
10003,4,53804,0,729,-7.89640474319458,1.0
10003,4,53804,0,1050,-7.917586326599121,1.0
10004,9,54801,1,0,6.389890193939209,1.0
10004,9,54801,1,36,9.081242561340332,0.9901258680555556
10004,9,54801,1,60,-2.517608165740967,0.9914279513888888
10004,9,54801,1,84,0.21188116073608398,1.0
10004,9,54801,1,120,-1.6598399877548218,1.0
10004,9,54801,1,180,-2.7138710021972656,1.0
10004,9,54801,1,270,-8.323470115661621,1.0
10004,9,54801,1,405,-8.3326416015625,1.0
10004,9,54801,1,729,-8.191893577575684,1.0
10004,9,54801,1,1050,-8.173835754394531,1.0
10004,1,50581,0,0,-19.170021057128906,1.0
10004,1,50581,0,36,-15.838829040527344,0.9898003472222222
10004,1,50581,0,60,-9.357795715332031,1.0
10004,1,50581,0,84,-5.507708549499512,0.9899088541666666
10004,1,50581,0,120,-2.337437629699707,1.0
10004,1,50581,0,180,-2.2155861854553223,1.0
10004,1,50581,0,270,-8.319097518920898,1.0
10004,1,50581,0,405,-8.408634185791016,1.0
10004,1,50581,0,729,-8.17141342163086,1.0
10004,1,50581,0,1050,-8.11734390258789,1.0
10005,8,50939,1,0,16.374244689941406,1.0
10005,8,50939,1,36,11.57375717163086,1.0
10005,8,50939,1,60,9.857547760009766,1.0
10005,8,50939,1,84,4.51335334777832,1.0
10005,8,50939,1,120,-1.7580504417419434,1.0
10005,8,50939,1,180,-2.4665446281433105,1.0
10005,8,50939,1,270,-7.849221229553223,1.0
10005,8,50939,1,405,-7.8730244636535645,1.0
10005,8,50939,1,729,-7.674441337585449,1.0
10005,8,50939,1,1050,-7.673263072967529,1.0
10005,6,51846,0,0,-22.147369384765625,1.0
10005,6,51846,0,36,-20.99233627319336,1.0
10005,6,51846,0,60,-12.250329971313477,1.0
10005,6,51846,0,84,-3.3318097591400146,0.9925130208333334
10005,6,51846,0,120,-4.343124866485596,1.0
10005,6,51846,0,180,-4.367857456207275,1.0
10005,6,51846,0,270,-8.11043930053711,1.0
10005,6,51846,0,405,-7.878987789154053,1.0
10005,6,51846,0,729,-7.626989364624023,1.0
10005,6,51846,0,1050,-7.65341329574585,1.0
10006,1,52282,1,0,8.302549362182617,1.0
10006,1,52282,1,36,-0.8569760322570801,0.9900173611111112
10006,1,52282,1,60,4.9580302238464355,1.0
10006,1,52282,1,84,2.8664655685424805,1.0
10006,1,52282,1,120,-1.221187949180603,1.0
10006,1,52282,1,180,-3.4964346885681152,1.0
10006,1,52282,1,270,-8.787068367004395,1.0
10006,1,52282,1,405,-8.618498802185059,1.0
10006,1,52282,1,729,-8.386524200439453,1.0
10006,1,52282,1,1050,-8.383052825927734,1.0
10006,9,50770,0,0,-27.011096954345703,1.0
10006,9,50770,0,36,-25.859214782714844,1.0
10006,9,50770,0,60,-13.455089569091797,1.0
10006,9,50770,0,84,-12.430120468139648,1.0
10006,9,50770,0,120,-5.506362438201904,1.0
10006,9,50770,0,180,-3.5100960731506348,1.0
10006,9,50770,0,270,-8.887411117553711,1.0
10006,9,50770,0,405,-8.616082191467285,1.0
10006,9,50770,0,729,-8.45364761352539,1.0
10006,9,50770,0,1050,-8.381156921386719,1.0
10007,6,52787,1,0,7.514949798583984,1.0
10007,6,52787,1,36,8.440510749816895,1.0
10007,6,52787,1,60,11.26981258392334,1.0
10007,6,52787,1,84,4.531530380249023,1.0
10007,6,52787,1,120,-0.9060962200164795,1.0
10007,6,52787,1,180,-2.1991219520568848,1.0
10007,6,52787,1,270,-9.092741012573242,1.0
10007,6,52787,1,405,-9.146281242370605,1.0
10007,6,52787,1,729,-8.896565437316895,1.0
10007,6,52787,1,1050,-8.89931583404541,1.0
10007,4,52840,0,0,-13.193574905395508,1.0
10007,4,52840,0,36,-9.157384872436523,0.9898003472222222
10007,4,52840,0,60,-11.02038860321045,1.0
10007,4,52840,0,84,-5.475086688995361,1.0
10007,4,52840,0,120,-4.158998012542725,1.0
10007,4,52840,0,180,-2.848745822906494,1.0
10007,4,52840,0,270,-9.38060188293457,1.0
10007,4,52840,0,405,-9.186285018920898,1.0
10007,4,52840,0,729,-8.899147987365723,1.0
10007,4,52840,0,1050,-8.8615083694458,1.0
10008,8,50505,1,0,1.021486759185791,1.0
10008,8,50505,1,36,-5.8319525718688965,0.9927300347222222
10008,8,50505,1,60,-5.57411003112793,1.0
10008,8,50505,1,84,-2.7059221267700195,1.0
10008,8,50505,1,120,-1.0085570812225342,0.9973958333333334
10008,8,50505,1,180,-2.3854377269744873,1.0
10008,8,50505,1,270,-7.289876937866211,1.0
10008,8,50505,1,405,-7.2697434425354,1.0
10008,8,50505,1,729,-7.024752616882324,1.0
10008,8,50505,1,1050,-7.033998489379883,1.0
10008,7,50359,0,0,-15.103704452514648,1.0
10008,7,50359,0,36,-13.773594856262207,1.0
10008,7,50359,0,60,-8.304237365722656,0.9921875
10008,7,50359,0,84,-7.344086170196533,1.0
10008,7,50359,0,120,-1.5870072841644287,1.0
10008,7,50359,0,180,-2.6038622856140137,1.0
10008,7,50359,0,270,-7.3022356033325195,1.0
10008,7,50359,0,405,-7.18653678894043,1.0
10008,7,50359,0,729,-7.065288543701172,1.0
10008,7,50359,0,1050,-7.046609401702881,1.0
10009,11,53532,1,0,11.25908088684082,1.0
10009,11,53532,1,36,9.74965763092041,1.0
10009,11,53532,1,60,-2.1007144451141357,0.9914279513888888
10009,11,53532,1,84,4.7998223304748535,1.0
10009,11,53532,1,120,0.7290542125701904,1.0
10009,11,53532,1,180,-1.9585886001586914,1.0
10009,11,53532,1,270,-8.286443710327148,1.0
10009,11,53532,1,405,-8.34533405303955,1.0
10009,11,53532,1,729,-8.112805366516113,1.0
10009,11,53532,1,1050,-8.106078147888184,1.0
10009,1,53037,0,0,-12.670034408569336,1.0
10009,1,53037,0,36,-13.836899757385254,0.9915364583333334
10009,1,53037,0,60,-6.719261169433594,1.0
10009,1,53037,0,84,-3.273728132247925,1.0
10009,1,53037,0,120,-2.5798568725585938,1.0
10009,1,53037,0,180,-3.0623433589935303,1.0
10009,1,53037,0,270,-7.493575572967529,1.0
10009,1,53037,0,405,-8.096473693847656,1.0
10009,1,53037,0,729,-8.130582809448242,1.0
10009,1,53037,0,1050,-8.105020523071289,1.0
10010,6,54649,1,0,21.39765739440918,1.0
10010,6,54649,1,36,18.01310157775879,0.9896918402777778
10010,6,54649,1,60,12.442437171936035,1.0
10010,6,54649,1,84,8.494893074035645,0.9904513888888888
10010,6,54649,1,120,0.5359854698181152,1.0
10010,6,54649,1,180,-2.4286680221557617,1.0
10010,6,54649,1,270,-10.118316650390625,1.0
10010,6,54649,1,405,-10.020463943481445,1.0
10010,6,54649,1,729,-9.579507827758789,1.0
10010,6,54649,1,1050,-9.499091148376465,1.0
10010,10,51932,0,0,-11.102468490600586,1.0
10010,10,51932,0,36,-5.709848403930664,0.9933810763888888
10010,10,51932,0,60,-6.121592998504639,1.0
10010,10,51932,0,84,-5.669866561889648,0.9895833333333334
10010,10,51932,0,120,-4.275932312011719,1.0
10010,10,51932,0,180,-5.343369960784912,1.0
10010,10,51932,0,270,-9.98265266418457,1.0
10010,10,51932,0,405,-9.7777681350708,1.0
10010,10,51932,0,729,-9.572498321533203,1.0
10010,10,51932,0,1050,-9.504562377929688,1.0
10011,7,52317,1,0,8.179598808288574,1.0
10011,7,52317,1,36,-0.04363536834716797,0.9900173611111112
10011,7,52317,1,60,-3.547274112701416,0.98828125
10011,7,52317,1,84,1.5178264379501343,1.0
10011,7,52317,1,120,0.22462809085845947,1.0
10011,7,52317,1,180,-5.85073184967041,1.0
10011,7,52317,1,270,-8.104242324829102,1.0
10011,7,52317,1,405,-8.046716690063477,1.0
10011,7,52317,1,729,-7.874606609344482,1.0
10011,7,52317,1,1050,-7.887129306793213,1.0
10011,1,51758,0,0,-21.085620880126953,1.0
10011,1,51758,0,36,-20.841981887817383,0.9916449652777778
10011,1,51758,0,60,-15.664661407470703,0.9908854166666666
10011,1,51758,0,84,-9.283805847167969,1.0
10011,1,51758,0,120,-4.329987525939941,1.0
10011,1,51758,0,180,-3.5034666061401367,1.0
10011,1,51758,0,270,-8.185615539550781,1.0
10011,1,51758,0,405,-7.977955341339111,1.0
10011,1,51758,0,729,-7.867282390594482,1.0
10011,1,51758,0,1050,-7.873360633850098,1.0
10012,9,52829,1,0,10.175298690795898,1.0
10012,9,52829,1,36,11.689465522766113,0.9896918402777778
10012,9,52829,1,60,5.27802848815918,1.0
10012,9,52829,1,84,2.345522403717041,0.9966362847222222
10012,9,52829,1,120,0.27759766578674316,1.0
10012,9,52829,1,180,-1.7883872985839844,1.0
10012,9,52829,1,270,-8.895771980285645,1.0
10012,9,52829,1,405,-8.639249801635742,1.0
10012,9,52829,1,729,-8.425695419311523,1.0
10012,9,52829,1,1050,-8.392602920532227,1.0
10012,2,53154,0,0,-18.96677589416504,1.0
10012,2,53154,0,36,-18.08367347717285,1.0
10012,2,53154,0,60,-8.383337020874023,0.9861111111111112
10012,2,53154,0,84,-7.024630546569824,1.0
10012,2,53154,0,120,-2.5884528160095215,0.9989149305555556
10012,2,53154,0,180,-1.851049780845642,1.0
10012,2,53154,0,270,-8.287721633911133,1.0
10012,2,53154,0,405,-8.729496002197266,1.0
10012,2,53154,0,729,-8.412186622619629,1.0
10012,2,53154,0,1050,-8.42307186126709,1.0
10013,6,54952,1,0,11.976426124572754,1.0
10013,6,54952,1,36,12.679120063781738,1.0
10013,6,54952,1,60,3.8786473274230957,0.9958767361111112
10013,6,54952,1,84,4.050917625427246,0.9986979166666666
10013,6,54952,1,120,-4.21935510635376,1.0
10013,6,54952,1,180,-2.4054222106933594,1.0
10013,6,54952,1,270,-8.296100616455078,1.0
10013,6,54952,1,405,-7.69016695022583,1.0
10013,6,54952,1,729,-7.9096198081970215,1.0
10013,6,54952,1,1050,-7.8833160400390625,1.0
10013,11,53859,0,0,-16.344268798828125,1.0
10013,11,53859,0,36,-7.257418632507324,0.9845920138888888
10013,11,53859,0,60,-5.536402702331543,0.9925130208333334
10013,11,53859,0,84,-6.572098731994629,0.9986979166666666
10013,11,53859,0,120,-3.927175998687744,1.0
10013,11,53859,0,180,-3.750434398651123,1.0
10013,11,53859,0,270,-8.22322940826416,1.0
10013,11,53859,0,405,-8.086893081665039,1.0
10013,11,53859,0,729,-7.889320373535156,1.0
10013,11,53859,0,1050,-7.911139965057373,1.0
10014,7,52165,1,0,3.2007837295532227,1.0
10014,7,52165,1,36,4.558087348937988,1.0
10014,7,52165,1,60,2.4953553676605225,0.9879557291666666
10014,7,52165,1,84,-0.38722896575927734,0.9985894097222222
10014,7,52165,1,120,-1.946576714515686,1.0
10014,7,52165,1,180,-2.276750326156616,1.0
10014,7,52165,1,270,-8.453717231750488,1.0
10014,7,52165,1,405,-8.308152198791504,1.0
10014,7,52165,1,729,-8.150611877441406,1.0
10014,7,52165,1,1050,-8.15800952911377,1.0
10014,10,50594,0,0,-25.20655632019043,1.0
10014,10,50594,0,36,-22.255796432495117,0.9927300347222222
10014,10,50594,0,60,-4.6543073654174805,0.994140625
10014,10,50594,0,84,-9.16153621673584,0.9979383680555556
10014,10,50594,0,120,-3.8697030544281006,1.0
10014,10,50594,0,180,-3.1568453311920166,1.0
10014,10,50594,0,270,-6.507713794708252,1.0
10014,10,50594,0,405,-7.730641841888428,1.0
10014,10,50594,0,729,-8.168046951293945,1.0
10014,10,50594,0,1050,-8.139336585998535,1.0
10015,0,50296,1,0,14.687312126159668,1.0
10015,0,50296,1,36,11.210206985473633,0.9835069444444444
10015,0,50296,1,60,8.100187301635742,1.0
10015,0,50296,1,84,6.782805442810059,1.0
10015,0,50296,1,120,0.21588921546936035,1.0
10015,0,50296,1,180,-0.8424445986747742,1.0
10015,0,50296,1,270,-7.990512371063232,1.0
10015,0,50296,1,405,-7.888426780700684,1.0
10015,0,50296,1,729,-7.657158374786377,1.0
10015,0,50296,1,1050,-7.697849750518799,1.0
10015,4,54078,0,0,-12.748729705810547,1.0
10015,4,54078,0,36,-12.899421691894531,1.0
10015,4,54078,0,60,-6.370872974395752,0.9932725694444444
10015,4,54078,0,84,-6.280744552612305,0.9976128472222222
10015,4,54078,0,120,-4.310232162475586,0.9989149305555556
10015,4,54078,0,180,-1.7317651510238647,1.0
10015,4,54078,0,270,-7.876767158508301,1.0
10015,4,54078,0,405,-7.870715141296387,1.0
10015,4,54078,0,729,-7.638416290283203,1.0
10015,4,54078,0,1050,-7.642188549041748,1.0
10016,1,52387,1,0,10.021530151367188,1.0
10016,1,52387,1,36,10.049909591674805,0.9934895833333334
10016,1,52387,1,60,5.382061004638672,0.9929470486111112
10016,1,52387,1,84,2.7572181224823,1.0
10016,1,52387,1,120,-0.4279963970184326,1.0
10016,1,52387,1,180,-2.929689645767212,1.0
10016,1,52387,1,270,-7.848801136016846,1.0
10016,1,52387,1,405,-8.827980995178223,1.0
10016,1,52387,1,729,-8.387885093688965,1.0
10016,1,52387,1,1050,-8.37996768951416,1.0
10016,10,51730,0,0,-20.018375396728516,1.0
10016,10,51730,0,36,-19.748435974121094,0.9934895833333334
10016,10,51730,0,60,-17.48336410522461,1.0
10016,10,51730,0,84,-13.614439010620117,1.0
10016,10,51730,0,120,-3.942920684814453,1.0
10016,10,51730,0,180,-3.3165011405944824,1.0
10016,10,51730,0,270,-6.375003814697266,1.0
10016,10,51730,0,405,-8.45579719543457,1.0
10016,10,51730,0,729,-8.557013511657715,1.0
10016,10,51730,0,1050,-8.406635284423828,1.0
10017,5,53333,1,0,13.59841251373291,1.0
10017,5,53333,1,36,14.791398048400879,1.0
10017,5,53333,1,60,8.651068687438965,1.0
10017,5,53333,1,84,6.202713966369629,0.9945746527777778
10017,5,53333,1,120,-1.0111171007156372,1.0
10017,5,53333,1,180,-1.0390704870224,1.0
10017,5,53333,1,270,-9.273741722106934,1.0
10017,5,53333,1,405,-9.281262397766113,1.0
10017,5,53333,1,729,-8.868141174316406,1.0
10017,5,53333,1,1050,-8.856096267700195,0.9963107638888888
10017,1,53710,0,0,-15.905617713928223,1.0
10017,1,53710,0,36,-16.68543815612793,0.9925130208333334
10017,1,53710,0,60,-7.539029598236084,1.0
10017,1,53710,0,84,-0.07681083679199219,1.0
10017,1,53710,0,120,-1.9140008687973022,1.0
10017,1,53710,0,180,-7.377405643463135,1.0
10017,1,53710,0,270,-9.15424633026123,1.0
10017,1,53710,0,405,-9.097799301147461,1.0
10017,1,53710,0,729,-8.913531303405762,1.0
10017,1,53710,0,1050,-8.88621997833252,1.0
10018,3,51143,1,0,7.507371425628662,1.0
10018,3,51143,1,36,7.31442928314209,1.0
10018,3,51143,1,60,-0.8007898330688477,0.9951171875
10018,3,51143,1,84,2.5585479736328125,1.0
10018,3,51143,1,120,-0.5040082931518555,1.0
10018,3,51143,1,180,0.1640998125076294,1.0
10018,3,51143,1,270,-6.625959873199463,1.0
10018,3,51143,1,405,-6.6613640785217285,1.0
10018,3,51143,1,729,-7.047021389007568,1.0
10018,3,51143,1,1050,-7.058706283569336,1.0
10018,1,51604,0,0,-26.403152465820312,1.0
10018,1,51604,0,36,-26.311767578125,0.9933810763888888
10018,1,51604,0,60,-20.90829086303711,1.0
10018,1,51604,0,84,-12.268404960632324,1.0
10018,1,51604,0,120,-2.6353373527526855,1.0
10018,1,51604,0,180,-1.9365668296813965,1.0
10018,1,51604,0,270,-7.342839241027832,1.0
10018,1,51604,0,405,-7.240274906158447,1.0
10018,1,51604,0,729,-7.037555694580078,1.0
10018,1,51604,0,1050,-7.025840759277344,1.0
10019,1,50029,1,0,4.538549900054932,1.0
10019,1,50029,1,36,5.190855026245117,1.0
10019,1,50029,1,60,3.7876124382019043,1.0
10019,1,50029,1,84,2.967275619506836,1.0
10019,1,50029,1,120,-1.4214930534362793,1.0
10019,1,50029,1,180,-2.7554497718811035,1.0
10019,1,50029,1,270,-8.401604652404785,1.0
10019,1,50029,1,405,-8.385025978088379,1.0
10019,1,50029,1,729,-8.124893188476562,1.0
10019,1,50029,1,1050,-8.130024909973145,1.0
10019,10,54326,0,0,-26.295473098754883,1.0
10019,10,54326,0,36,-25.10732078552246,0.9928385416666666
10019,10,54326,0,60,-16.920063018798828,0.9943576388888888
10019,10,54326,0,84,-15.527212142944336,0.9957682291666666
10019,10,54326,0,120,-9.319263458251953,1.0
10019,10,54326,0,180,-4.29871940612793,1.0
10019,10,54326,0,270,-7.996866703033447,1.0
10019,10,54326,0,405,-8.380091667175293,1.0
10019,10,54326,0,729,-8.135868072509766,1.0
10019,10,54326,0,1050,-8.097034454345703,1.0
10020,10,54629,1,0,19.544530868530273,1.0
10020,10,54629,1,36,18.788455963134766,0.9933810763888888
10020,10,54629,1,60,11.885038375854492,1.0
10020,10,54629,1,84,9.202615737915039,1.0
10020,10,54629,1,120,-0.42353999614715576,1.0
10020,10,54629,1,180,-2.907106876373291,1.0
10020,10,54629,1,270,-9.194416046142578,1.0
10020,10,54629,1,405,-10.053579330444336,1.0
10020,10,54629,1,729,-9.527202606201172,1.0
10020,10,54629,1,1050,-9.501354217529297,1.0
10020,4,53687,0,0,-10.866569519042969,1.0
10020,4,53687,0,36,-11.062359809875488,1.0
10020,4,53687,0,60,-10.812665939331055,0.9861111111111112
10020,4,53687,0,84,-6.444521427154541,1.0
10020,4,53687,0,120,-4.665858268737793,1.0
10020,4,53687,0,180,-4.067366600036621,1.0
10020,4,53687,0,270,-10.196450233459473,1.0
10020,4,53687,0,405,-9.638819694519043,1.0
10020,4,53687,0,729,-9.50355339050293,1.0
10020,4,53687,0,1050,-9.530686378479004,1.0
10021,9,52309,1,0,7.656716823577881,1.0
10021,9,52309,1,36,7.782450199127197,1.0
10021,9,52309,1,60,-3.198760509490967,0.9873046875
10021,9,52309,1,84,3.711150646209717,1.0
10021,9,52309,1,120,-2.217298746109009,1.0
10021,9,52309,1,180,-6.228733062744141,1.0
10021,9,52309,1,270,-8.072078704833984,1.0
10021,9,52309,1,405,-8.00259780883789,1.0
10021,9,52309,1,729,-7.879152774810791,1.0
10021,9,52309,1,1050,-7.88340950012207,0.9975043402777778
10021,5,53519,0,0,-17.19856834411621,1.0
10021,5,53519,0,36,-15.052350044250488,1.0
10021,5,53519,0,60,-6.990431308746338,1.0
10021,5,53519,0,84,-8.32895278930664,0.9915364583333334
10021,5,53519,0,120,-3.753917694091797,1.0
10021,5,53519,0,180,-3.1520562171936035,1.0
10021,5,53519,0,270,-8.162073135375977,1.0
10021,5,53519,0,405,-8.13182258605957,1.0
10021,5,53519,0,729,-7.863593101501465,1.0
10021,5,53519,0,1050,-7.851961135864258,1.0
10022,11,53237,1,0,8.278782844543457,1.0
10022,11,53237,1,36,10.585041999816895,1.0
10022,11,53237,1,60,5.490139007568359,0.98828125
10022,11,53237,1,84,4.454160690307617,0.9970703125
10022,11,53237,1,120,3.300074577331543,1.0
10022,11,53237,1,180,1.4416327476501465,1.0
10022,11,53237,1,270,-8.543008804321289,1.0
10022,11,53237,1,405,-8.551204681396484,1.0
10022,11,53237,1,729,-8.4678955078125,1.0
10022,11,53237,1,1050,-8.407529830932617,1.0
10022,0,53225,0,0,-15.436118125915527,1.0
10022,0,53225,0,36,-15.625648498535156,1.0
10022,0,53225,0,60,-8.703302383422852,0.9919704861111112
10022,0,53225,0,84,-7.621825218200684,0.9979383680555556
10022,0,53225,0,120,-0.5612901449203491,1.0
10022,0,53225,0,180,-2.3494582176208496,1.0
10022,0,53225,0,270,-8.576265335083008,1.0
10022,0,53225,0,405,-8.49898910522461,1.0
10022,0,53225,0,729,-8.409149169921875,1.0
10022,0,53225,0,1050,-8.400691986083984,1.0
10023,2,52697,1,0,13.423297882080078,1.0
10023,2,52697,1,36,7.794931411743164,1.0
10023,2,52697,1,60,1.0357990264892578,1.0
10023,2,52697,1,84,3.2139272689819336,0.9972873263888888
10023,2,52697,1,120,-1.0997244119644165,1.0
10023,2,52697,1,180,-1.7712613344192505,1.0
10023,2,52697,1,270,-8.143269538879395,1.0
10023,2,52697,1,405,-8.195487022399902,1.0
10023,2,52697,1,729,-7.9201226234436035,1.0
10023,2,52697,1,1050,-7.922184944152832,1.0
10023,0,53370,0,0,-20.70291519165039,1.0
10023,0,53370,0,36,-17.006681442260742,0.9932725694444444
10023,0,53370,0,60,-11.259991645812988,1.0
10023,0,53370,0,84,-5.694120407104492,1.0
10023,0,53370,0,120,-2.23138427734375,1.0
10023,0,53370,0,180,-4.5697503089904785,1.0
10023,0,53370,0,270,-8.125804901123047,1.0
10023,0,53370,0,405,-7.943817138671875,1.0
10023,0,53370,0,729,-7.902737140655518,1.0
10023,0,53370,0,1050,-7.91049861907959,1.0
10024,6,53551,1,0,10.249958992004395,1.0
10024,6,53551,1,36,10.395257949829102,0.9929470486111112
10024,6,53551,1,60,10.183608055114746,1.0
10024,6,53551,1,84,3.6292295455932617,0.9968532986111112
10024,6,53551,1,120,-0.3495086431503296,1.0
10024,6,53551,1,180,-2.5234546661376953,1.0
10024,6,53551,1,270,-8.327067375183105,1.0
10024,6,53551,1,405,-8.40746021270752,1.0
10024,6,53551,1,729,-8.181278228759766,1.0
10024,6,53551,1,1050,-8.160957336425781,1.0
10024,9,51558,0,0,-13.416929244995117,1.0
10024,9,51558,0,36,-9.877185821533203,0.9909939236111112
10024,9,51558,0,60,-13.698188781738281,0.9931640625
10024,9,51558,0,84,-4.316324234008789,0.9977213541666666
10024,9,51558,0,120,-2.8637185096740723,1.0
10024,9,51558,0,180,-3.0598976612091064,1.0
10024,9,51558,0,270,-7.973033905029297,1.0
10024,9,51558,0,405,-8.186842918395996,1.0
10024,9,51558,0,729,-8.212308883666992,1.0
10024,9,51558,0,1050,-8.130988121032715,1.0
10025,3,54381,1,0,10.746268272399902,1.0
10025,3,54381,1,36,12.096996307373047,1.0
10025,3,54381,1,60,5.807128429412842,0.9950086805555556
10025,3,54381,1,84,4.2474870681762695,0.9912109375
10025,3,54381,1,120,-1.5045123100280762,1.0
10025,3,54381,1,180,-2.4232327938079834,1.0
10025,3,54381,1,270,-7.354761123657227,1.0
10025,3,54381,1,405,-7.994718551635742,1.0
10025,3,54381,1,729,-7.725564956665039,1.0
10025,3,54381,1,1050,-7.715806484222412,1.0
10025,11,54629,0,0,-16.53180694580078,1.0
10025,11,54629,0,36,-14.889643669128418,1.0
10025,11,54629,0,60,-11.567581176757812,1.0
10025,11,54629,0,84,-7.084847450256348,1.0
10025,11,54629,0,120,-3.791360855102539,1.0
10025,11,54629,0,180,-2.1454811096191406,1.0
10025,11,54629,0,270,-7.951753616333008,1.0
10025,11,54629,0,405,-7.803330898284912,1.0
10025,11,54629,0,729,-7.658170700073242,1.0
10025,11,54629,0,1050,-7.65957498550415,1.0
10026,1,50921,1,0,14.869987487792969,1.0
10026,1,50921,1,36,15.430397033691406,1.0
10026,1,50921,1,60,7.48894739151001,1.0
10026,1,50921,1,84,6.740414619445801,1.0
10026,1,50921,1,120,-1.6595280170440674,1.0
10026,1,50921,1,180,-2.3306093215942383,1.0
10026,1,50921,1,270,-8.74929141998291,1.0
10026,1,50921,1,405,-8.672965049743652,1.0
10026,1,50921,1,729,-8.404680252075195,1.0
10026,1,50921,1,1050,-8.398910522460938,1.0
10026,11,53558,0,0,-18.614524841308594,1.0
10026,11,53558,0,36,-20.972007751464844,0.9931640625
10026,11,53558,0,60,-7.650486946105957,0.990234375
10026,11,53558,0,84,-14.904380798339844,1.0
10026,11,53558,0,120,-6.320244789123535,1.0
10026,11,53558,0,180,-4.781884670257568,1.0
10026,11,53558,0,270,-8.790810585021973,1.0
10026,11,53558,0,405,-8.610709190368652,1.0
10026,11,53558,0,729,-8.434531211853027,1.0
10026,11,53558,0,1050,-8.454843521118164,1.0
10027,7,50943,1,0,16.047985076904297,1.0
10027,7,50943,1,36,15.705769538879395,1.0
10027,7,50943,1,60,6.054721355438232,1.0
10027,7,50943,1,84,6.594735145568848,1.0
10027,7,50943,1,120,0.14540565013885498,1.0
10027,7,50943,1,180,-2.7177863121032715,1.0
10027,7,50943,1,270,-9.232035636901855,1.0
10027,7,50943,1,405,-9.09273910522461,1.0
10027,7,50943,1,729,-8.936720848083496,1.0
10027,7,50943,1,1050,-8.891861915588379,1.0
10027,10,54015,0,0,-24.650470733642578,1.0
10027,10,54015,0,36,-13.377016067504883,0.9841579861111112
10027,10,54015,0,60,-11.067723274230957,1.0
10027,10,54015,0,84,-6.960046768188477,1.0
10027,10,54015,0,120,-5.167618274688721,1.0
10027,10,54015,0,180,-6.509400844573975,1.0
10027,10,54015,0,270,-9.204041481018066,1.0
10027,10,54015,0,405,-9.127585411071777,1.0
10027,10,54015,0,729,-8.869980812072754,1.0
10027,10,54015,0,1050,-8.870014190673828,1.0
10028,5,52830,1,0,13.187637329101562,1.0
10028,5,52830,1,36,11.511848449707031,1.0
10028,5,52830,1,60,7.47490119934082,1.0
10028,5,52830,1,84,4.303274154663086,1.0
10028,5,52830,1,120,0.7760977745056152,1.0
10028,5,52830,1,180,0.6059204339981079,1.0
10028,5,52830,1,270,-3.4587600231170654,1.0
10028,5,52830,1,405,-2.1699905395507812,1.0
10028,5,52830,1,729,-7.038266658782959,1.0
10028,5,52830,1,1050,-7.0365471839904785,1.0
10028,9,54010,0,0,-15.706618309020996,1.0
10028,9,54010,0,36,-15.364633560180664,1.0
10028,9,54010,0,60,-6.538094997406006,0.9901258680555556
10028,9,54010,0,84,-5.5161848068237305,0.9903428819444444
10028,9,54010,0,120,0.7055816650390625,1.0
10028,9,54010,0,180,-1.0901484489440918,1.0
10028,9,54010,0,270,-7.416476249694824,1.0
10028,9,54010,0,405,-7.305444717407227,1.0
10028,9,54010,0,729,-7.052090644836426,1.0
10028,9,54010,0,1050,-7.056994915008545,1.0
10029,5,50445,1,0,7.652372360229492,1.0
10029,5,50445,1,36,7.1459879875183105,1.0
10029,5,50445,1,60,3.5260274410247803,1.0
10029,5,50445,1,84,2.2462663650512695,1.0
10029,5,50445,1,120,-1.4249114990234375,1.0
10029,5,50445,1,180,-1.8059055805206299,1.0
10029,5,50445,1,270,-8.527746200561523,1.0
10029,5,50445,1,405,-8.296502113342285,1.0
10029,5,50445,1,729,-8.153173446655273,1.0
10029,5,50445,1,1050,-8.113370895385742,1.0
10029,1,54626,0,0,-13.050846099853516,1.0
10029,1,54626,0,36,-11.88989543914795,1.0
10029,1,54626,0,60,-6.341494560241699,1.0
10029,1,54626,0,84,-6.0597100257873535,1.0
10029,1,54626,0,120,-3.4726834297180176,0.9973958333333334
10029,1,54626,0,180,-3.4917192459106445,1.0
10029,1,54626,0,270,-8.406457901000977,1.0
10029,1,54626,0,405,-8.352926254272461,1.0
10029,1,54626,0,729,-8.143289566040039,1.0
10029,1,54626,0,1050,-8.151335716247559,1.0
10030,2,50424,1,0,11.334088325500488,1.0
10030,2,50424,1,36,10.807048797607422,1.0
10030,2,50424,1,60,7.554470539093018,0.99609375
10030,2,50424,1,84,2.1142637729644775,1.0
10030,2,50424,1,120,-2.6321749687194824,1.0
10030,2,50424,1,180,-2.698521137237549,1.0
10030,2,50424,1,270,-6.757007598876953,1.0
10030,2,50424,1,405,-9.390026092529297,1.0
10030,2,50424,1,729,-9.579233169555664,1.0
10030,2,50424,1,1050,-9.519128799438477,1.0
10030,8,53608,0,0,-9.959599494934082,1.0
10030,8,53608,0,36,-8.527962684631348,0.9934895833333334
10030,8,53608,0,60,-4.210508346557617,0.9922960069444444
10030,8,53608,0,84,-5.731334686279297,0.9985894097222222
10030,8,53608,0,120,-3.9717905521392822,1.0
10030,8,53608,0,180,-1.94966721534729,1.0
10030,8,53608,0,270,-10.018399238586426,1.0
10030,8,53608,0,405,-9.781198501586914,1.0
10030,8,53608,0,729,-9.50583267211914,1.0
10030,8,53608,0,1050,-9.492603302001953,1.0
10031,1,53594,1,0,5.447218418121338,1.0
10031,1,53594,1,36,5.04997444152832,1.0
10031,1,53594,1,60,-4.044960021972656,0.9895833333333334
10031,1,53594,1,84,-4.7869462966918945,0.9938151041666666
10031,1,53594,1,120,-3.8168864250183105,1.0
10031,1,53594,1,180,-8.596253395080566,1.0
10031,1,53594,1,270,-8.235974311828613,1.0
10031,1,53594,1,405,-8.12763786315918,1.0
10031,1,53594,1,729,-7.945882797241211,1.0
10031,1,53594,1,1050,-7.948350429534912,1.0
10031,3,53038,0,0,-24.45412826538086,1.0
10031,3,53038,0,36,-23.03980255126953,1.0
10031,3,53038,0,60,-10.034477233886719,1.0
10031,3,53038,0,84,-7.357312202453613,0.9921875
10031,3,53038,0,120,-5.450990676879883,1.0
10031,3,53038,0,180,-3.181631088256836,1.0
10031,3,53038,0,270,-8.081623077392578,1.0
10031,3,53038,0,405,-7.90742826461792,1.0
10031,3,53038,0,729,-7.868969917297363,1.0
10031,3,53038,0,1050,-7.880544185638428,1.0
10032,3,51721,1,0,10.666172981262207,1.0
10032,3,51721,1,36,11.24880313873291,1.0
10032,3,51721,1,60,9.15164566040039,1.0
10032,3,51721,1,84,5.242764472961426,0.9943576388888888
10032,3,51721,1,120,3.0419886112213135,0.9989149305555556
10032,3,51721,1,180,0.2808953523635864,1.0
10032,3,51721,1,270,-6.574402809143066,1.0
10032,3,51721,1,405,-8.676727294921875,1.0
10032,3,51721,1,729,-8.411602020263672,1.0
10032,3,51721,1,1050,-8.442059516906738,1.0
10032,10,53700,0,0,-13.373152732849121,1.0
10032,10,53700,0,36,-9.81732177734375,0.9920789930555556
10032,10,53700,0,60,-10.77964973449707,1.0
10032,10,53700,0,84,-7.781587600708008,1.0
10032,10,53700,0,120,-4.212400436401367,1.0
10032,10,53700,0,180,-3.977605104446411,1.0
10032,10,53700,0,270,-8.4208984375,1.0
10032,10,53700,0,405,-8.74001407623291,1.0
10032,10,53700,0,729,-8.421293258666992,1.0
10032,10,53700,0,1050,-8.413867950439453,1.0
10033,5,53241,1,0,8.16180419921875,1.0
10033,5,53241,1,36,9.24870491027832,0.9919704861111112
10033,5,53241,1,60,1.808743953704834,0.9919704861111112
10033,5,53241,1,84,2.3004136085510254,1.0
10033,5,53241,1,120,-2.836760997772217,0.9978298611111112
10033,5,53241,1,180,-4.192490577697754,1.0
10033,5,53241,1,270,-8.271828651428223,1.0
10033,5,53241,1,405,-8.448676109313965,1.0
10033,5,53241,1,729,-7.902071952819824,1.0
10033,5,53241,1,1050,-7.89801549911499,1.0
10033,11,53652,0,0,-31.698482513427734,1.0
10033,11,53652,0,36,-27.94493865966797,1.0
10033,11,53652,0,60,-14.220783233642578,1.0
10033,11,53652,0,84,-11.787290573120117,1.0
10033,11,53652,0,120,-4.230738162994385,1.0
10033,11,53652,0,180,-3.367152690887451,1.0
10033,11,53652,0,270,-8.153116226196289,1.0
10033,11,53652,0,405,-8.036935806274414,1.0
10033,11,53652,0,729,-7.895054340362549,1.0
10033,11,53652,0,1050,-7.9038825035095215,1.0
10034,1,52063,1,0,10.125530242919922,1.0
10034,1,52063,1,36,11.247087478637695,1.0
10034,1,52063,1,60,-2.0610828399658203,1.0
10034,1,52063,1,84,0.0568537712097168,0.9966362847222222
10034,1,52063,1,120,-3.314056396484375,1.0
10034,1,52063,1,180,-2.1874306201934814,1.0
10034,1,52063,1,270,-8.403151512145996,1.0
10034,1,52063,1,405,-8.290602684020996,1.0
10034,1,52063,1,729,-8.139079093933105,1.0
10034,1,52063,1,1050,-8.14893627166748,1.0
10034,7,54507,0,0,-29.272937774658203,1.0
10034,7,54507,0,36,-28.07610321044922,0.9932725694444444
10034,7,54507,0,60,-15.917540550231934,1.0
10034,7,54507,0,84,-15.377595901489258,0.9906684027777778
10034,7,54507,0,120,-2.994201421737671,1.0
10034,7,54507,0,180,-1.5193768739700317,1.0
10034,7,54507,0,270,-8.117238998413086,1.0
10034,7,54507,0,405,-8.396865844726562,1.0
10034,7,54507,0,729,-8.139976501464844,1.0
10034,7,54507,0,1050,-8.129231452941895,1.0
10035,3,50919,1,0,9.064242362976074,1.0
10035,3,50919,1,36,9.198423385620117,1.0
10035,3,50919,1,60,4.792679786682129,1.0
10035,3,50919,1,84,2.862236738204956,1.0
10035,3,50919,1,120,-1.088407039642334,1.0
10035,3,50919,1,180,-3.565246820449829,1.0
10035,3,50919,1,270,-7.905811309814453,1.0
10035,3,50919,1,405,-7.932380676269531,1.0
10035,3,50919,1,729,-7.671087265014648,1.0
10035,3,50919,1,1050,-7.66450834274292,1.0
10035,0,51777,0,0,-24.39844512939453,1.0
10035,0,51777,0,36,-24.45783805847168,1.0
10035,0,51777,0,60,-18.435894012451172,1.0
10035,0,51777,0,84,-13.828498840332031,0.9920789930555556
10035,0,51777,0,120,-6.757960319519043,1.0
10035,0,51777,0,180,-2.523334503173828,1.0
10035,0,51777,0,270,-6.813373565673828,1.0
10035,0,51777,0,405,-8.173792839050293,1.0
10035,0,51777,0,729,-7.71794319152832,1.0
10035,0,51777,0,1050,-7.620816707611084,1.0
10036,1,53929,1,0,9.335136413574219,1.0
10036,1,53929,1,36,9.304204940795898,1.0
10036,1,53929,1,60,2.9869484901428223,0.9956597222222222
10036,1,53929,1,84,3.8711910247802734,1.0
10036,1,53929,1,120,-0.9645148515701294,1.0
10036,1,53929,1,180,-1.6834090948104858,1.0
10036,1,53929,1,270,-7.352168083190918,1.0
10036,1,53929,1,405,-8.840746879577637,1.0
10036,1,53929,1,729,-8.381753921508789,1.0
10036,1,53929,1,1050,-8.37833309173584,1.0
10036,10,53373,0,0,-11.486723899841309,1.0
10036,10,53373,0,36,-12.286333084106445,1.0
10036,10,53373,0,60,-13.140472412109375,0.9950086805555556
10036,10,53373,0,84,-4.94486665725708,1.0
10036,10,53373,0,120,-5.510583400726318,1.0
10036,10,53373,0,180,-3.768099784851074,1.0
10036,10,53373,0,270,-8.144118309020996,1.0
10036,10,53373,0,405,-8.531681060791016,1.0
10036,10,53373,0,729,-8.387224197387695,1.0
10036,10,53373,0,1050,-8.38582992553711,1.0
10037,4,50655,1,0,3.648496627807617,1.0
10037,4,50655,1,36,4.227937698364258,1.0
10037,4,50655,1,60,-0.19422245025634766,1.0
10037,4,50655,1,84,2.925520420074463,1.0
10037,4,50655,1,120,0.290499210357666,1.0
10037,4,50655,1,180,-0.6291007399559021,1.0
10037,4,50655,1,270,-9.305471420288086,1.0
10037,4,50655,1,405,-9.048588752746582,1.0
10037,4,50655,1,729,-8.894878387451172,1.0
10037,4,50655,1,1050,-8.888748168945312,1.0
10037,11,52875,0,0,-18.87729263305664,1.0
10037,11,52875,0,36,-16.2141170501709,0.9830729166666666
10037,11,52875,0,60,-12.11132526397705,0.9954427083333334
10037,11,52875,0,84,-8.523408889770508,1.0
10037,11,52875,0,120,-5.04644250869751,1.0
10037,11,52875,0,180,-3.75164794921875,1.0
10037,11,52875,0,270,-9.219202995300293,1.0
10037,11,52875,0,405,-9.103965759277344,1.0
10037,11,52875,0,729,-8.866253852844238,1.0
10037,11,52875,0,1050,-8.878252029418945,1.0
10038,11,52881,1,0,11.585830688476562,1.0
10038,11,52881,1,36,11.044642448425293,1.0
10038,11,52881,1,60,7.667455196380615,0.9946831597222222
10038,11,52881,1,84,4.855818271636963,1.0
10038,11,52881,1,120,1.5688050985336304,1.0
10038,11,52881,1,180,0.2975497245788574,1.0
10038,11,52881,1,270,-3.8374738693237305,1.0
10038,11,52881,1,405,-7.462254047393799,1.0
10038,11,52881,1,729,-7.062094688415527,1.0
10038,11,52881,1,1050,-7.008856773376465,1.0
10038,5,50726,0,0,-18.264371871948242,1.0
10038,5,50726,0,36,-20.444114685058594,0.9896918402777778
10038,5,50726,0,60,-9.150941848754883,0.9908854166666666
10038,5,50726,0,84,-10.422874450683594,0.9896918402777778
10038,5,50726,0,120,-2.857028007507324,0.9975043402777778
10038,5,50726,0,180,-2.944410800933838,1.0
10038,5,50726,0,270,-7.263619899749756,1.0
10038,5,50726,0,405,-7.258853912353516,1.0
10038,5,50726,0,729,-7.0250043869018555,1.0
10038,5,50726,0,1050,-7.037263870239258,0.9998914930555556
10039,1,52510,1,0,0.9386482238769531,1.0
10039,1,52510,1,36,2.6150054931640625,0.9929470486111112
10039,1,52510,1,60,-3.406049966812134,0.9927300347222222
10039,1,52510,1,84,-1.6485843658447266,0.9901258680555556
10039,1,52510,1,120,-1.4322195053100586,1.0
10039,1,52510,1,180,-1.8668068647384644,1.0
10039,1,52510,1,270,-8.493729591369629,1.0
10039,1,52510,1,405,-8.36634349822998,1.0
10039,1,52510,1,729,-8.104833602905273,1.0
10039,1,52510,1,1050,-8.119963645935059,1.0
10039,8,50403,0,0,4.420347213745117,1.0
10039,8,50403,0,36,1.6819448471069336,0.990234375
10039,8,50403,0,60,-0.5818648338317871,1.0
10039,8,50403,0,84,0.5084993839263916,1.0
10039,8,50403,0,120,-3.391976833343506,1.0
10039,8,50403,0,180,-4.178494453430176,1.0
10039,8,50403,0,270,-8.102375984191895,1.0
10039,8,50403,0,405,-8.30980396270752,1.0
10039,8,50403,0,729,-8.116616249084473,1.0
10039,8,50403,0,1050,-8.114029884338379,1.0
10040,8,52599,1,0,16.653961181640625,1.0
10040,8,52599,1,36,15.839034080505371,0.9915364583333334
10040,8,52599,1,60,8.440468788146973,1.0
10040,8,52599,1,84,7.015843868255615,1.0
10040,8,52599,1,120,-0.5185292959213257,1.0
10040,8,52599,1,180,-1.1626145839691162,1.0
10040,8,52599,1,270,-10.113712310791016,1.0
10040,8,52599,1,405,-9.951834678649902,1.0
10040,8,52599,1,729,-9.52718734741211,1.0
10040,8,52599,1,1050,-9.553315162658691,1.0
10040,10,54006,0,0,-12.990245819091797,1.0
10040,10,54006,0,36,-10.265604972839355,0.9931640625
10040,10,54006,0,60,-6.7034831047058105,1.0
10040,10,54006,0,84,-6.033658027648926,1.0
10040,10,54006,0,120,-4.147563934326172,1.0
10040,10,54006,0,180,-4.357521057128906,1.0
10040,10,54006,0,270,-9.964795112609863,1.0
10040,10,54006,0,405,-9.727927207946777,1.0
10040,10,54006,0,729,-9.489080429077148,1.0
10040,10,54006,0,1050,-9.500783920288086,1.0
10041,6,53147,1,0,8.33558464050293,1.0
10041,6,53147,1,36,4.377233028411865,0.9916449652777778
10041,6,53147,1,60,5.092578411102295,1.0
10041,6,53147,1,84,-1.2759331464767456,0.9889322916666666
10041,6,53147,1,120,-0.525955080986023,0.9978298611111112
10041,6,53147,1,180,-1.4932152032852173,1.0
10041,6,53147,1,270,-8.221030235290527,1.0
10041,6,53147,1,405,-8.029321670532227,1.0
10041,6,53147,1,729,-7.8944478034973145,1.0
10041,6,53147,1,1050,-7.876011848449707,1.0
10041,10,52459,0,0,-16.639514923095703,1.0
10041,10,52459,0,36,-15.546920776367188,1.0
10041,10,52459,0,60,-16.566364288330078,1.0
10041,10,52459,0,84,-10.172006607055664,1.0
10041,10,52459,0,120,-5.432300090789795,1.0
10041,10,52459,0,180,-6.108294486999512,1.0
10041,10,52459,0,270,-7.347618579864502,1.0
10041,10,52459,0,405,-6.812673091888428,1.0
10041,10,52459,0,729,-7.9446492195129395,1.0
10041,10,52459,0,1050,-7.8475542068481445,1.0
10042,3,51787,1,0,15.852646827697754,1.0
10042,3,51787,1,36,13.476767539978027,1.0
10042,3,51787,1,60,11.199239730834961,1.0
10042,3,51787,1,84,5.552714824676514,1.0
10042,3,51787,1,120,1.5718166828155518,1.0
10042,3,51787,1,180,0.6052367687225342,1.0
10042,3,51787,1,270,-8.65659236907959,1.0
10042,3,51787,1,405,-8.59885025024414,1.0
10042,3,51787,1,729,-8.401773452758789,1.0
10042,3,51787,1,1050,-8.430296897888184,1.0
10042,4,50624,0,0,-21.278364181518555,1.0
10042,4,50624,0,36,-14.62123966217041,0.9933810763888888
10042,4,50624,0,60,-8.02209186553955,1.0
10042,4,50624,0,84,-5.866199493408203,0.99609375
10042,4,50624,0,120,-4.071007251739502,1.0
10042,4,50624,0,180,-2.5575504302978516,1.0
10042,4,50624,0,270,-8.789629936218262,1.0
10042,4,50624,0,405,-8.624560356140137,1.0
10042,4,50624,0,729,-8.418170928955078,1.0
10042,4,50624,0,1050,-8.41819953918457,1.0
10043,2,51571,1,0,13.125675201416016,1.0
10043,2,51571,1,36,10.254829406738281,1.0
10043,2,51571,1,60,4.9185261726379395,1.0
10043,2,51571,1,84,2.6881866455078125,1.0
10043,2,51571,1,120,-1.458927869796753,1.0
10043,2,51571,1,180,-2.0530853271484375,1.0
10043,2,51571,1,270,-8.535630226135254,1.0
10043,2,51571,1,405,-8.30859661102295,1.0
10043,2,51571,1,729,-7.939851760864258,1.0
10043,2,51571,1,1050,-7.902684211730957,1.0
10043,7,51956,0,0,-31.58800506591797,1.0
10043,7,51956,0,36,-25.553050994873047,0.9835069444444444
10043,7,51956,0,60,-18.039249420166016,1.0
10043,7,51956,0,84,-10.927879333496094,0.9946831597222222
10043,7,51956,0,120,-2.988201141357422,1.0
10043,7,51956,0,180,-1.4522833824157715,1.0
10043,7,51956,0,270,-8.129523277282715,1.0
10043,7,51956,0,405,-8.162758827209473,1.0
10043,7,51956,0,729,-7.9093828201293945,1.0
10043,7,51956,0,1050,-7.890549182891846,1.0
10044,7,54582,1,0,4.929099082946777,1.0
10044,7,54582,1,36,10.124890327453613,0.9896918402777778
10044,7,54582,1,60,6.722517967224121,0.9954427083333334
10044,7,54582,1,84,3.51662015914917,1.0
10044,7,54582,1,120,-3.6225388050079346,0.9975043402777778
10044,7,54582,1,180,-3.269390344619751,1.0
10044,7,54582,1,270,-5.910272598266602,1.0
10044,7,54582,1,405,-6.981040000915527,1.0
10044,7,54582,1,729,-8.118192672729492,1.0
10044,7,54582,1,1050,-8.166555404663086,1.0
10044,1,53436,0,0,-12.47867488861084,1.0
10044,1,53436,0,36,-11.67302131652832,1.0
10044,1,53436,0,60,-6.52947998046875,0.9959852430555556
10044,1,53436,0,84,-6.43565559387207,1.0
10044,1,53436,0,120,-2.470828056335449,1.0
10044,1,53436,0,180,-3.1980199813842773,1.0
10044,1,53436,0,270,-8.457193374633789,1.0
10044,1,53436,0,405,-8.377202033996582,1.0
10044,1,53436,0,729,-8.189617156982422,1.0
10044,1,53436,0,1050,-8.17390251159668,1.0
10045,3,51339,1,0,7.689698219299316,1.0
10045,3,51339,1,36,8.627017974853516,1.0
10045,3,51339,1,60,2.5240635871887207,0.994140625
10045,3,51339,1,84,2.010108709335327,1.0
10045,3,51339,1,120,-3.146176815032959,1.0
10045,3,51339,1,180,-2.603198289871216,1.0
10045,3,51339,1,270,-6.436767578125,1.0
10045,3,51339,1,405,-7.946905612945557,1.0
10045,3,51339,1,729,-7.708582878112793,1.0
10045,3,51339,1,1050,-7.621975898742676,1.0
10045,2,53956,0,0,-18.71116065979004,1.0
10045,2,53956,0,36,-21.26180076599121,1.0
10045,2,53956,0,60,-12.493967056274414,0.994140625
10045,2,53956,0,84,-7.839746475219727,0.98828125
10045,2,53956,0,120,-8.417215347290039,1.0
10045,2,53956,0,180,-1.500322937965393,1.0
10045,2,53956,0,270,-7.904618263244629,1.0
10045,2,53956,0,405,-7.845334053039551,1.0
10045,2,53956,0,729,-7.63536262512207,1.0
10045,2,53956,0,1050,-7.632962226867676,1.0
10046,11,50610,1,0,8.529003143310547,1.0
10046,11,50610,1,36,9.277166366577148,0.9933810763888888
10046,11,50610,1,60,4.1721954345703125,1.0
10046,11,50610,1,84,4.144320487976074,0.9986979166666666
10046,11,50610,1,120,-0.945898711681366,1.0
10046,11,50610,1,180,-2.9860265254974365,1.0
10046,11,50610,1,270,-8.731351852416992,1.0
10046,11,50610,1,405,-8.57316780090332,1.0
10046,11,50610,1,729,-8.451891899108887,1.0
10046,11,50610,1,1050,-8.420080184936523,1.0
10046,8,53617,0,0,-19.232763290405273,1.0
10046,8,53617,0,36,-19.63306999206543,1.0
10046,8,53617,0,60,-9.076278686523438,0.9895833333333334
10046,8,53617,0,84,-9.672821044921875,0.9949001736111112
10046,8,53617,0,120,-5.658319473266602,1.0
10046,8,53617,0,180,-5.906580448150635,1.0
10046,8,53617,0,270,-8.686469078063965,1.0
10046,8,53617,0,405,-8.61912727355957,1.0
10046,8,53617,0,729,-8.390548706054688,1.0
10046,8,53617,0,1050,-8.404803276062012,0.9965277777777778
10047,5,53338,1,0,4.605627059936523,1.0
10047,5,53338,1,36,4.009738922119141,0.9898003472222222
10047,5,53338,1,60,1.5142207145690918,1.0
10047,5,53338,1,84,1.6435561180114746,1.0
10047,5,53338,1,120,-2.6945157051086426,1.0
10047,5,53338,1,180,-4.118926048278809,1.0
10047,5,53338,1,270,-9.11216926574707,1.0
10047,5,53338,1,405,-9.027377128601074,1.0
10047,5,53338,1,729,-8.886968612670898,1.0
10047,5,53338,1,1050,-8.868254661560059,1.0
10047,7,54839,0,0,-23.96741485595703,1.0
10047,7,54839,0,36,-21.743438720703125,1.0
10047,7,54839,0,60,-18.128177642822266,0.9938151041666666
10047,7,54839,0,84,-10.008312225341797,1.0
10047,7,54839,0,120,-1.058983564376831,1.0
10047,7,54839,0,180,-1.4531325101852417,1.0
10047,7,54839,0,270,-7.920634746551514,1.0
10047,7,54839,0,405,-9.433523178100586,1.0
10047,7,54839,0,729,-8.919114112854004,1.0
10047,7,54839,0,1050,-8.858721733093262,1.0
10048,5,53065,1,0,14.098299026489258,1.0
10048,5,53065,1,36,8.735878944396973,0.9844835069444444
10048,5,53065,1,60,9.82647705078125,1.0
10048,5,53065,1,84,6.24948787689209,1.0
10048,5,53065,1,120,1.858588695526123,1.0
10048,5,53065,1,180,0.12684392929077148,1.0
10048,5,53065,1,270,-5.747743129730225,1.0
10048,5,53065,1,405,-7.126039981842041,1.0
10048,5,53065,1,729,-7.021624565124512,1.0
10048,5,53065,1,1050,-7.029136657714844,1.0
10048,8,54576,0,0,-14.85751724243164,1.0
10048,8,54576,0,36,-15.34982681274414,1.0
10048,8,54576,0,60,-10.151914596557617,1.0
10048,8,54576,0,84,-4.843263149261475,0.9975043402777778
10048,8,54576,0,120,-6.192041873931885,1.0
10048,8,54576,0,180,-2.185987710952759,1.0
10048,8,54576,0,270,-7.292237281799316,1.0
10048,8,54576,0,405,-7.109752178192139,1.0
10048,8,54576,0,729,-7.033260822296143,1.0
10048,8,54576,0,1050,-7.045427322387695,1.0
10049,6,53055,1,0,6.834982872009277,1.0
10049,6,53055,1,36,5.8079986572265625,1.0
10049,6,53055,1,60,0.0788726806640625,0.9917534722222222
10049,6,53055,1,84,0.8533935546875,0.9944661458333334
10049,6,53055,1,120,0.2803494930267334,1.0
10049,6,53055,1,180,-0.7909958958625793,1.0
10049,6,53055,1,270,-8.229154586791992,1.0
10049,6,53055,1,405,-8.455345153808594,1.0
10049,6,53055,1,729,-8.110440254211426,1.0
10049,6,53055,1,1050,-8.115578651428223,1.0
10049,0,50995,0,0,-17.415157318115234,1.0
10049,0,50995,0,36,-17.799543380737305,1.0
10049,0,50995,0,60,-16.88217544555664,0.9942491319444444
10049,0,50995,0,84,-9.399578094482422,0.9919704861111112
10049,0,50995,0,120,-7.233249187469482,1.0
10049,0,50995,0,180,-2.6583080291748047,1.0
10049,0,50995,0,270,-5.538739204406738,1.0
10049,0,50995,0,405,-7.627419471740723,1.0
10049,0,50995,0,729,-8.18841552734375,1.0
10049,0,50995,0,1050,-8.1195068359375,1.0
10050,1,50208,1,0,9.897073745727539,1.0
10050,1,50208,1,36,9.754945755004883,1.0
10050,1,50208,1,60,10.358219146728516,1.0
10050,1,50208,1,84,5.48820161819458,1.0
10050,1,50208,1,120,1.5888850688934326,1.0
10050,1,50208,1,180,-1.671953558921814,1.0
10050,1,50208,1,270,-9.716022491455078,1.0
10050,1,50208,1,405,-9.676259994506836,1.0
10050,1,50208,1,729,-9.488808631896973,1.0
10050,1,50208,1,1050,-9.529516220092773,1.0
10050,5,51380,0,0,-16.72104263305664,1.0
10050,5,51380,0,36,-10.489995002746582,1.0
10050,5,51380,0,60,-3.9985294342041016,0.9898003472222222
10050,5,51380,0,84,-6.965193271636963,0.9939236111111112
10050,5,51380,0,120,-4.78218936920166,0.9975043402777778
10050,5,51380,0,180,-7.470569610595703,1.0
10050,5,51380,0,270,-9.79351806640625,1.0
10050,5,51380,0,405,-9.620159149169922,1.0
10050,5,51380,0,729,-9.489738464355469,1.0
10050,5,51380,0,1050,-9.488252639770508,1.0
10051,3,53427,1,0,8.049089431762695,1.0
10051,3,53427,1,36,8.413290023803711,0.9934895833333334
10051,3,53427,1,60,4.612392902374268,0.9951171875
10051,3,53427,1,84,3.7369883060455322,0.9984809027777778
10051,3,53427,1,120,0.784241795539856,1.0
10051,3,53427,1,180,-1.496521234512329,1.0
10051,3,53427,1,270,-8.205265998840332,1.0
10051,3,53427,1,405,-8.056132316589355,1.0
10051,3,53427,1,729,-7.916486740112305,1.0
10051,3,53427,1,1050,-7.8737053871154785,1.0
10051,4,53781,0,0,-17.39132308959961,1.0
10051,4,53781,0,36,-16.67127227783203,1.0
10051,4,53781,0,60,-14.560511589050293,1.0
10051,4,53781,0,84,-8.286914825439453,1.0
10051,4,53781,0,120,-6.273630619049072,1.0
10051,4,53781,0,180,-5.463961601257324,1.0
10051,4,53781,0,270,-7.877934455871582,1.0
10051,4,53781,0,405,-8.152200698852539,1.0
10051,4,53781,0,729,-7.8542656898498535,1.0
10051,4,53781,0,1050,-7.86976432800293,1.0
10052,4,52335,1,0,11.060458183288574,1.0
10052,4,52335,1,36,10.329245567321777,1.0
10052,4,52335,1,60,5.945135116577148,1.0
10052,4,52335,1,84,5.133472442626953,1.0
10052,4,52335,1,120,1.6553746461868286,1.0
10052,4,52335,1,180,-0.07552945613861084,1.0
10052,4,52335,1,270,-8.812326431274414,1.0
10052,4,52335,1,405,-8.518204689025879,1.0
10052,4,52335,1,729,-8.415553092956543,1.0
10052,4,52335,1,1050,-8.433364868164062,1.0
10052,2,51615,0,0,-16.80331802368164,1.0
10052,2,51615,0,36,-14.761740684509277,0.9934895833333334
10052,2,51615,0,60,-9.204357147216797,1.0
10052,2,51615,0,84,-5.838597297668457,0.9939236111111112
10052,2,51615,0,120,-0.3967686891555786,1.0
10052,2,51615,0,180,-1.6795984506607056,1.0
10052,2,51615,0,270,-8.5894136428833,1.0
10052,2,51615,0,405,-8.5801420211792,1.0
10052,2,51615,0,729,-8.477073669433594,1.0
10052,2,51615,0,1050,-8.390959739685059,1.0
10053,4,54856,1,0,4.661186218261719,1.0
10053,4,54856,1,36,7.157418251037598,0.9905598958333334
10053,4,54856,1,60,2.7189366817474365,1.0
10053,4,54856,1,84,-0.5140557289123535,1.0
10053,4,54856,1,120,-3.3589675426483154,1.0
10053,4,54856,1,180,-6.113574504852295,1.0
10053,4,54856,1,270,-8.139054298400879,1.0
10053,4,54856,1,405,-8.06118392944336,1.0
10053,4,54856,1,729,-7.9226274490356445,1.0
10053,4,54856,1,1050,-7.914361000061035,1.0
10053,1,51107,0,0,-22.07204818725586,1.0
10053,1,51107,0,36,-20.282024383544922,0.9934895833333334
10053,1,51107,0,60,-12.503705978393555,1.0
10053,1,51107,0,84,-9.590364456176758,1.0
10053,1,51107,0,120,-4.171278953552246,1.0
10053,1,51107,0,180,-2.4903335571289062,1.0
10053,1,51107,0,270,-8.282079696655273,1.0
10053,1,51107,0,405,-8.06838321685791,1.0
10053,1,51107,0,729,-7.905651569366455,1.0
10053,1,51107,0,1050,-7.8962202072143555,1.0
10054,2,50801,1,0,5.063973903656006,1.0
10054,2,50801,1,36,6.170513153076172,0.9845920138888888
10054,2,50801,1,60,0.8085639476776123,1.0
10054,2,50801,1,84,1.1162574291229248,0.9917534722222222
10054,2,50801,1,120,-1.7892682552337646,1.0
10054,2,50801,1,180,-0.33688056468963623,1.0
10054,2,50801,1,270,-7.7641072273254395,1.0
10054,2,50801,1,405,-8.035077095031738,1.0
10054,2,50801,1,729,-8.172298431396484,1.0
10054,2,50801,1,1050,-8.1644926071167,1.0
10054,7,54592,0,0,-9.817264556884766,1.0
10054,7,54592,0,36,-8.623150825500488,1.0
10054,7,54592,0,60,-10.60413932800293,0.9898003472222222
10054,7,54592,0,84,-3.6771538257598877,1.0
10054,7,54592,0,120,-4.30159854888916,1.0
10054,7,54592,0,180,-1.5002286434173584,1.0
10054,7,54592,0,270,-8.381185531616211,1.0
10054,7,54592,0,405,-8.422252655029297,1.0
10054,7,54592,0,729,-8.15632152557373,1.0
10054,7,54592,0,1050,-8.115973472595215,1.0
10055,8,52798,1,0,12.600067138671875,1.0
10055,8,52798,1,36,12.571426391601562,1.0
10055,8,52798,1,60,8.634857177734375,1.0
10055,8,52798,1,84,4.11868143081665,1.0
10055,8,52798,1,120,1.5707423686981201,1.0
10055,8,52798,1,180,-1.3123425245285034,1.0
10055,8,52798,1,270,-7.821794509887695,1.0
10055,8,52798,1,405,-7.811254024505615,1.0
10055,8,52798,1,729,-7.652874946594238,1.0
10055,8,52798,1,1050,-7.629462718963623,1.0
10055,1,52537,0,0,-15.399389266967773,1.0
10055,1,52537,0,36,-14.71790885925293,1.0
10055,1,52537,0,60,-11.076961517333984,0.9900173611111112
10055,1,52537,0,84,-7.353799819946289,1.0
10055,1,52537,0,120,-2.323636770248413,1.0
10055,1,52537,0,180,-3.0965826511383057,1.0
10055,1,52537,0,270,-7.98149299621582,1.0
10055,1,52537,0,405,-7.847474098205566,1.0
10055,1,52537,0,729,-7.677127361297607,1.0
10055,1,52537,0,1050,-7.67268180847168,1.0
10056,10,53828,1,0,7.739026069641113,1.0
10056,10,53828,1,36,7.396175861358643,1.0
10056,10,53828,1,60,-2.1906652450561523,0.9895833333333334
10056,10,53828,1,84,1.9590409994125366,1.0
10056,10,53828,1,120,-1.5343706607818604,1.0
10056,10,53828,1,180,-2.481767177581787,1.0
10056,10,53828,1,270,-8.797070503234863,1.0
10056,10,53828,1,405,-8.74609661102295,1.0
10056,10,53828,1,729,-8.42135238647461,1.0
10056,10,53828,1,1050,-8.402374267578125,0.9982638888888888
10056,9,53682,0,0,-18.940776824951172,1.0
10056,9,53682,0,36,-13.06116771697998,0.9930555555555556
10056,9,53682,0,60,-6.441336631774902,0.9875217013888888
10056,9,53682,0,84,-6.272233009338379,0.9917534722222222
10056,9,53682,0,120,-3.6932358741760254,1.0
10056,9,53682,0,180,-5.443881988525391,1.0
10056,9,53682,0,270,-8.791196823120117,1.0
10056,9,53682,0,405,-8.584790229797363,1.0
10056,9,53682,0,729,-8.411630630493164,1.0
10056,9,53682,0,1050,-8.399651527404785,1.0
10057,8,51971,1,0,7.773706436157227,1.0
10057,8,51971,1,36,6.069396018981934,0.9917534722222222
10057,8,51971,1,60,3.35329270362854,0.9932725694444444
10057,8,51971,1,84,0.23245751857757568,0.9883897569444444
10057,8,51971,1,120,-1.9095773696899414,1.0
10057,8,51971,1,180,-2.76885986328125,1.0
10057,8,51971,1,270,-9.206719398498535,1.0
10057,8,51971,1,405,-9.02676773071289,1.0
10057,8,51971,1,729,-8.859025001525879,1.0
10057,8,51971,1,1050,-8.84378433227539,1.0
10057,3,54289,0,0,-28.846092224121094,1.0
10057,3,54289,0,36,-12.014884948730469,0.9831814236111112
10057,3,54289,0,60,-10.101455688476562,0.9915364583333334
10057,3,54289,0,84,-7.953558921813965,0.9919704861111112
10057,3,54289,0,120,-3.8999834060668945,1.0
10057,3,54289,0,180,-6.407496452331543,1.0
10057,3,54289,0,270,-9.113425254821777,1.0
10057,3,54289,0,405,-9.07453727722168,1.0
10057,3,54289,0,729,-8.861186027526855,1.0
10057,3,54289,0,1050,-8.87755298614502,1.0
10058,8,54636,1,0,11.830849647521973,1.0
10058,8,54636,1,36,10.542379379272461,1.0
10058,8,54636,1,60,8.95283031463623,1.0
10058,8,54636,1,84,6.841782569885254,1.0
10058,8,54636,1,120,2.069288730621338,1.0
10058,8,54636,1,180,0.6876177787780762,1.0
10058,8,54636,1,270,-4.121705055236816,1.0
10058,8,54636,1,405,-1.615456461906433,1.0
10058,8,54636,1,729,-7.1074066162109375,1.0
10058,8,54636,1,1050,-7.099114894866943,1.0
10058,0,50148,0,0,-18.771900177001953,1.0
10058,0,50148,0,36,-17.44464874267578,1.0
10058,0,50148,0,60,-10.41952133178711,0.9917534722222222
10058,0,50148,0,84,-9.523075103759766,1.0
10058,0,50148,0,120,-4.17426872253418,1.0
10058,0,50148,0,180,-1.9799315929412842,1.0
10058,0,50148,0,270,-7.311101913452148,1.0
10058,0,50148,0,405,-7.235263347625732,1.0
10058,0,50148,0,729,-7.023838520050049,1.0
10058,0,50148,0,1050,-7.016364097595215,1.0
10059,11,52743,1,0,7.225415229797363,1.0
10059,11,52743,1,36,3.6175589561462402,0.9832899305555556
10059,11,52743,1,60,-0.8820698261260986,0.9927300347222222
10059,11,52743,1,84,1.1984665393829346,1.0
10059,11,52743,1,120,-1.1417218446731567,1.0
10059,11,52743,1,180,-2.0921521186828613,1.0
10059,11,52743,1,270,-8.431112289428711,1.0
10059,11,52743,1,405,-8.37707233428955,1.0
10059,11,52743,1,729,-8.138392448425293,1.0
10059,11,52743,1,1050,-8.171987533569336,0.9997829861111112
10059,8,51728,0,0,-26.489013671875,1.0
10059,8,51728,0,36,-20.884429931640625,0.984375
10059,8,51728,0,60,-15.222118377685547,1.0
10059,8,51728,0,84,-12.282018661499023,0.9951171875
10059,8,51728,0,120,-4.904720783233643,1.0
10059,8,51728,0,180,-4.383066177368164,1.0
10059,8,51728,0,270,-8.26765251159668,1.0
10059,8,51728,0,405,-8.407087326049805,1.0
10059,8,51728,0,729,-8.130826950073242,1.0
10059,8,51728,0,1050,-8.112592697143555,1.0
10060,8,52161,1,0,15.572166442871094,1.0
10060,8,52161,1,36,14.72036361694336,0.9931640625
10060,8,52161,1,60,6.15985631942749,1.0
10060,8,52161,1,84,4.569624900817871,0.9986979166666666
10060,8,52161,1,120,-1.3916138410568237,1.0
10060,8,52161,1,180,-3.557694911956787,1.0
10060,8,52161,1,270,-10.046866416931152,1.0
10060,8,52161,1,405,-9.935028076171875,1.0
10060,8,52161,1,729,-9.550451278686523,1.0
10060,8,52161,1,1050,-9.493120193481445,1.0
10060,7,53790,0,0,-1.3210835456848145,1.0
10060,7,53790,0,36,-4.066308975219727,0.9907769097222222
10060,7,53790,0,60,1.4594175815582275,1.0
10060,7,53790,0,84,-0.0896158218383789,1.0
10060,7,53790,0,120,-3.712002992630005,1.0
10060,7,53790,0,180,-8.750152587890625,1.0
10060,7,53790,0,270,-9.762109756469727,1.0
10060,7,53790,0,405,-9.718013763427734,1.0
10060,7,53790,0,729,-9.504566192626953,1.0
10060,7,53790,0,1050,-9.51997184753418,1.0
10061,5,53004,1,0,6.599245071411133,1.0
10061,5,53004,1,36,8.768875122070312,0.9928385416666666
10061,5,53004,1,60,-1.7957953214645386,0.9914279513888888
10061,5,53004,1,84,1.8721221685409546,1.0
10061,5,53004,1,120,-5.174131870269775,1.0
10061,5,53004,1,180,-6.30702018737793,1.0
10061,5,53004,1,270,-8.098800659179688,1.0
10061,5,53004,1,405,-8.042253494262695,1.0
10061,5,53004,1,729,-7.903032302856445,1.0
10061,5,53004,1,1050,-7.8975324630737305,1.0
10061,1,51496,0,0,-14.606898307800293,1.0
10061,1,51496,0,36,-15.019137382507324,1.0
10061,1,51496,0,60,-10.314562797546387,1.0
10061,1,51496,0,84,-8.522604942321777,1.0
10061,1,51496,0,120,-3.5864696502685547,1.0
10061,1,51496,0,180,-4.347701549530029,1.0
10061,1,51496,0,270,-8.226166725158691,1.0
10061,1,51496,0,405,-8.125009536743164,1.0
10061,1,51496,0,729,-7.899720668792725,1.0
10061,1,51496,0,1050,-7.881474018096924,1.0
10062,4,53033,1,0,9.881028175354004,1.0
10062,4,53033,1,36,8.379091262817383,0.9928385416666666
10062,4,53033,1,60,7.3914031982421875,0.9957682291666666
10062,4,53033,1,84,2.5209436416625977,0.9942491319444444
10062,4,53033,1,120,-0.5557796955108643,1.0
10062,4,53033,1,180,-1.4744247198104858,1.0
10062,4,53033,1,270,-8.7191801071167,1.0
10062,4,53033,1,405,-8.72033977508545,1.0
10062,4,53033,1,729,-8.442513465881348,1.0
10062,4,53033,1,1050,-8.395893096923828,1.0
10062,2,51985,0,0,-20.90777587890625,1.0
10062,2,51985,0,36,-18.080717086791992,0.9898003472222222
10062,2,51985,0,60,-16.163049697875977,0.9922960069444444
10062,2,51985,0,84,-9.54859733581543,1.0
10062,2,51985,0,120,-6.199214935302734,0.9992404513888888
10062,2,51985,0,180,-4.981228828430176,1.0
10062,2,51985,0,270,-8.697104454040527,1.0
10062,2,51985,0,405,-8.59883975982666,1.0
10062,2,51985,0,729,-8.398469924926758,1.0
10062,2,51985,0,1050,-8.405444145202637,0.9997829861111112
10063,2,54016,1,0,10.36053466796875,1.0
10063,2,54016,1,36,9.370426177978516,1.0
10063,2,54016,1,60,3.098578453063965,0.9900173611111112
10063,2,54016,1,84,-1.7243282794952393,0.9911024305555556
10063,2,54016,1,120,3.1470065116882324,1.0
10063,2,54016,1,180,-1.225172996520996,1.0
10063,2,54016,1,270,-7.648458957672119,1.0
10063,2,54016,1,405,-7.920559406280518,1.0
10063,2,54016,1,729,-7.938193321228027,1.0
10063,2,54016,1,1050,-7.923627853393555,1.0
10063,7,51394,0,0,-21.787677764892578,1.0
10063,7,51394,0,36,-17.26450538635254,0.9930555555555556
10063,7,51394,0,60,-17.58298110961914,1.0
10063,7,51394,0,84,-4.722197532653809,0.990234375
10063,7,51394,0,120,-3.8968214988708496,1.0
10063,7,51394,0,180,-4.246140480041504,1.0
10063,7,51394,0,270,-8.309141159057617,1.0
10063,7,51394,0,405,-8.131650924682617,1.0
10063,7,51394,0,729,-7.877087116241455,1.0
10063,7,51394,0,1050,-7.874574661254883,1.0
10064,1,54264,1,0,-4.509754180908203,1.0
10064,1,54264,1,36,-3.630234718322754,0.9934895833333334
10064,1,54264,1,60,-3.963479995727539,0.9899088541666666
10064,1,54264,1,84,-4.807185649871826,0.998046875
10064,1,54264,1,120,-1.8399052619934082,1.0
10064,1,54264,1,180,-0.92262202501297,1.0
10064,1,54264,1,270,-8.013566970825195,1.0
10064,1,54264,1,405,-8.385539054870605,1.0
10064,1,54264,1,729,-8.133768081665039,1.0
10064,1,54264,1,1050,-8.136353492736816,0.9988064236111112
10064,4,54321,0,0,-4.35528564453125,1.0
10064,4,54321,0,36,1.364820957183838,0.9915364583333334
10064,4,54321,0,60,-4.614318370819092,1.0
10064,4,54321,0,84,-2.7384092807769775,1.0
10064,4,54321,0,120,-1.6042948961257935,1.0
10064,4,54321,0,180,-4.3093342781066895,1.0
10064,4,54321,0,270,-8.399876594543457,1.0
10064,4,54321,0,405,-8.35948371887207,1.0
10064,4,54321,0,729,-8.140047073364258,1.0
10064,4,54321,0,1050,-8.145723342895508,1.0
10065,5,53907,1,0,8.436117172241211,1.0
10065,5,53907,1,36,10.011871337890625,1.0
10065,5,53907,1,60,3.862112522125244,0.9942491319444444
10065,5,53907,1,84,-1.3626463413238525,0.9921875
10065,5,53907,1,120,-1.099617838859558,1.0
10065,5,53907,1,180,-1.8033865690231323,1.0
10065,5,53907,1,270,-7.815184593200684,1.0
10065,5,53907,1,405,-7.899038314819336,1.0
10065,5,53907,1,729,-7.656961917877197,1.0
10065,5,53907,1,1050,-7.6691718101501465,1.0
10065,11,50666,0,0,-23.671459197998047,1.0
10065,11,50666,0,36,-23.475296020507812,1.0
10065,11,50666,0,60,-12.625219345092773,1.0
10065,11,50666,0,84,-8.875022888183594,1.0
10065,11,50666,0,120,-3.3439009189605713,1.0
10065,11,50666,0,180,-3.2285690307617188,1.0
10065,11,50666,0,270,-6.926939964294434,1.0
10065,11,50666,0,405,-7.526381969451904,1.0
10065,11,50666,0,729,-7.661088943481445,1.0
10065,11,50666,0,1050,-7.659379482269287,1.0
10066,11,54360,1,0,13.973098754882812,1.0
10066,11,54360,1,36,12.495133399963379,1.0
10066,11,54360,1,60,9.779613494873047,1.0
10066,11,54360,1,84,5.66240119934082,1.0
10066,11,54360,1,120,2.0304811000823975,1.0
10066,11,54360,1,180,-2.897489547729492,1.0
10066,11,54360,1,270,-8.76355266571045,1.0
10066,11,54360,1,405,-8.640114784240723,1.0
10066,11,54360,1,729,-8.399199485778809,1.0
10066,11,54360,1,1050,-8.398843765258789,1.0
10066,1,51739,0,0,-15.864984512329102,1.0
10066,1,51739,0,36,-16.087783813476562,1.0
10066,1,51739,0,60,-14.315557479858398,1.0
10066,1,51739,0,84,-10.863073348999023,1.0
10066,1,51739,0,120,-1.857153296470642,1.0
10066,1,51739,0,180,-3.3548102378845215,1.0
10066,1,51739,0,270,-8.725330352783203,1.0
10066,1,51739,0,405,-8.538031578063965,1.0
10066,1,51739,0,729,-8.3936767578125,1.0
10066,1,51739,0,1050,-8.390938758850098,1.0
10067,10,52480,1,0,11.691428184509277,1.0
10067,10,52480,1,36,11.69863510131836,1.0
10067,10,52480,1,60,3.593186855316162,0.9900173611111112
10067,10,52480,1,84,5.990602970123291,0.9966362847222222
10067,10,52480,1,120,0.12160706520080566,1.0
10067,10,52480,1,180,-1.5750765800476074,1.0
10067,10,52480,1,270,-8.827828407287598,1.0
10067,10,52480,1,405,-9.247649192810059,1.0
10067,10,52480,1,729,-8.878643035888672,1.0
10067,10,52480,1,1050,-8.875988960266113,1.0
10067,5,51240,0,0,-12.344343185424805,1.0
10067,5,51240,0,36,-10.94519329071045,1.0
10067,5,51240,0,60,-8.852689743041992,1.0
10067,5,51240,0,84,-4.76775598526001,0.9931640625
10067,5,51240,0,120,-2.864783763885498,1.0
10067,5,51240,0,180,-1.8466976881027222,1.0
10067,5,51240,0,270,-9.30063247680664,1.0
10067,5,51240,0,405,-9.006263732910156,1.0
10067,5,51240,0,729,-8.877715110778809,1.0
10067,5,51240,0,1050,-8.904268264770508,1.0
10068,1,51143,1,0,9.125032424926758,1.0
10068,1,51143,1,36,8.915882110595703,1.0
10068,1,51143,1,60,6.002460479736328,0.98828125
10068,1,51143,1,84,1.4979534149169922,0.9971788194444444
10068,1,51143,1,120,0.9275952577590942,1.0
10068,1,51143,1,180,1.9230796098709106,1.0
10068,1,51143,1,270,-5.8349456787109375,1.0
10068,1,51143,1,405,-6.314225196838379,1.0
10068,1,51143,1,729,-7.165833473205566,1.0
10068,1,51143,1,1050,-7.015148162841797,1.0
10068,8,54113,0,0,-12.938129425048828,1.0
10068,8,54113,0,36,-13.720245361328125,1.0
10068,8,54113,0,60,-9.381107330322266,0.9940321180555556
10068,8,54113,0,84,-6.266669273376465,1.0
10068,8,54113,0,120,-1.5523157119750977,1.0
10068,8,54113,0,180,-2.2388100624084473,1.0
10068,8,54113,0,270,-7.223665714263916,1.0
10068,8,54113,0,405,-7.22184419631958,1.0
10068,8,54113,0,729,-7.044665336608887,1.0
10068,8,54113,0,1050,-7.039571285247803,1.0
10069,9,51609,1,0,13.033445358276367,1.0
10069,9,51609,1,36,12.560855865478516,1.0
10069,9,51609,1,60,0.5047526359558105,0.9900173611111112
10069,9,51609,1,84,3.4448742866516113,1.0
10069,9,51609,1,120,0.946742057800293,1.0
10069,9,51609,1,180,-1.6290396451950073,1.0
10069,9,51609,1,270,-7.854710578918457,1.0
10069,9,51609,1,405,-8.45615291595459,1.0
10069,9,51609,1,729,-8.205016136169434,1.0
10069,9,51609,1,1050,-8.11037826538086,1.0
10069,11,53220,0,0,-10.44149398803711,1.0
10069,11,53220,0,36,-7.853076934814453,0.9933810763888888
10069,11,53220,0,60,-10.312642097473145,0.9901258680555556
10069,11,53220,0,84,-5.352299690246582,1.0
10069,11,53220,0,120,-4.262123107910156,1.0
10069,11,53220,0,180,-4.503533363342285,1.0
10069,11,53220,0,270,-7.98996639251709,1.0
10069,11,53220,0,405,-8.49799633026123,1.0
10069,11,53220,0,729,-8.172533988952637,1.0
10069,11,53220,0,1050,-8.134305953979492,1.0
10070,0,52720,1,0,17.363636016845703,1.0
10070,0,52720,1,36,15.826577186584473,1.0
10070,0,52720,1,60,12.289764404296875,1.0
10070,0,52720,1,84,7.36035680770874,1.0
10070,0,52720,1,120,0.2817680835723877,1.0
10070,0,52720,1,180,-0.7666831612586975,1.0
10070,0,52720,1,270,-10.072284698486328,1.0
10070,0,52720,1,405,-10.048331260681152,1.0
10070,0,52720,1,729,-9.512530326843262,1.0
10070,0,52720,1,1050,-9.539794921875,1.0
10070,3,51133,0,0,-25.702659606933594,1.0
10070,3,51133,0,36,-22.348718643188477,0.9929470486111112
10070,3,51133,0,60,-14.457609176635742,1.0
10070,3,51133,0,84,-11.73696517944336,0.9977213541666666
10070,3,51133,0,120,-3.7132081985473633,1.0
10070,3,51133,0,180,-3.208155632019043,1.0
10070,3,51133,0,270,-9.939732551574707,1.0
10070,3,51133,0,405,-9.136838912963867,1.0
10070,3,51133,0,729,-9.503636360168457,1.0
10070,3,51133,0,1050,-9.480634689331055,1.0
10071,3,53087,1,0,5.630832672119141,1.0
10071,3,53087,1,36,7.085721015930176,0.9845920138888888
10071,3,53087,1,60,-5.130387306213379,0.98828125
10071,3,53087,1,84,2.530695676803589,1.0
10071,3,53087,1,120,0.9143738746643066,1.0
10071,3,53087,1,180,-2.3063855171203613,1.0
10071,3,53087,1,270,-8.121783256530762,1.0
10071,3,53087,1,405,-8.085637092590332,1.0
10071,3,53087,1,729,-7.864500045776367,1.0
10071,3,53087,1,1050,-7.8750433921813965,1.0
10071,0,52180,0,0,-14.633091926574707,1.0
10071,0,52180,0,36,-11.760354995727539,0.9830729166666666
10071,0,52180,0,60,-6.844727039337158,0.9913194444444444
10071,0,52180,0,84,-6.19609260559082,1.0
10071,0,52180,0,120,-3.4995486736297607,1.0
10071,0,52180,0,180,-5.32880973815918,1.0
10071,0,52180,0,270,-8.247541427612305,1.0
10071,0,52180,0,405,-8.061542510986328,1.0
10071,0,52180,0,729,-7.9070329666137695,1.0
10071,0,52180,0,1050,-7.878694534301758,1.0
10072,2,51735,1,0,6.822883605957031,1.0
10072,2,51735,1,36,8.062158584594727,0.9924045138888888
10072,2,51735,1,60,3.4112346172332764,1.0
10072,2,51735,1,84,0.4960014820098877,1.0
10072,2,51735,1,120,1.1094098091125488,1.0
10072,2,51735,1,180,-0.3034932613372803,1.0
10072,2,51735,1,270,-8.799656867980957,1.0
10072,2,51735,1,405,-8.589482307434082,1.0
10072,2,51735,1,729,-8.418341636657715,1.0
10072,2,51735,1,1050,-8.419692993164062,1.0
10072,4,52748,0,0,-23.930381774902344,1.0
10072,4,52748,0,36,-22.771190643310547,1.0
10072,4,52748,0,60,-14.456851959228516,0.9934895833333334
10072,4,52748,0,84,-9.91512393951416,1.0
10072,4,52748,0,120,-1.7305412292480469,1.0
10072,4,52748,0,180,-1.982553243637085,1.0
10072,4,52748,0,270,-8.55417251586914,1.0
10072,4,52748,0,405,-8.620174407958984,1.0
10072,4,52748,0,729,-8.40904426574707,1.0
10072,4,52748,0,1050,-8.39810562133789,1.0
10073,0,53493,1,0,6.178793907165527,1.0
10073,0,53493,1,36,6.765283107757568,0.9934895833333334
10073,0,53493,1,60,5.163040637969971,1.0
10073,0,53493,1,84,-5.93759298324585,0.9911024305555556
10073,0,53493,1,120,0.23734164237976074,1.0
10073,0,53493,1,180,-1.0375158786773682,1.0
10073,0,53493,1,270,-7.437667369842529,1.0
10073,0,53493,1,405,-8.469857215881348,1.0
10073,0,53493,1,729,-7.924232006072998,1.0
10073,0,53493,1,1050,-7.944916725158691,1.0
10073,3,54751,0,0,-18.215938568115234,1.0
10073,3,54751,0,36,-15.005346298217773,1.0
10073,3,54751,0,60,-12.269465446472168,0.994140625
10073,3,54751,0,84,-8.881648063659668,0.9969618055555556
10073,3,54751,0,120,-1.6913474798202515,1.0
10073,3,54751,0,180,-1.2454583644866943,1.0
10073,3,54751,0,270,-6.3934831619262695,1.0
10073,3,54751,0,405,-8.210112571716309,1.0
10073,3,54751,0,729,-7.94160795211792,1.0
10073,3,54751,0,1050,-7.893315315246582,1.0
10074,9,53867,1,0,10.187614440917969,1.0
10074,9,53867,1,36,9.550870895385742,1.0
10074,9,53867,1,60,0.39535951614379883,0.9947916666666666
10074,9,53867,1,84,3.4553894996643066,0.9975043402777778
10074,9,53867,1,120,-0.8272818326950073,1.0
10074,9,53867,1,180,-0.6247873306274414,1.0
10074,9,53867,1,270,-8.094502449035645,1.0
10074,9,53867,1,405,-7.614296913146973,1.0
10074,9,53867,1,729,-8.173334121704102,1.0
10074,9,53867,1,1050,-8.155353546142578,1.0
10074,10,50415,0,0,-19.944570541381836,1.0
10074,10,50415,0,36,-14.904095649719238,1.0
10074,10,50415,0,60,-11.678792953491211,0.9931640625
10074,10,50415,0,84,-10.468548774719238,0.9912109375
10074,10,50415,0,120,-1.881542444229126,1.0
10074,10,50415,0,180,-1.7192611694335938,1.0
10074,10,50415,0,270,-7.8313679695129395,1.0
10074,10,50415,0,405,-8.508145332336426,1.0
10074,10,50415,0,729,-8.18173599243164,1.0
10074,10,50415,0,1050,-8.146736145019531,1.0
10075,11,52540,1,0,16.231281280517578,1.0
10075,11,52540,1,36,14.233346939086914,1.0
10075,11,52540,1,60,6.445112705230713,1.0
10075,11,52540,1,84,4.534549236297607,1.0
10075,11,52540,1,120,-2.0009872913360596,1.0
10075,11,52540,1,180,-2.604036808013916,1.0
10075,11,52540,1,270,-7.939586639404297,1.0
10075,11,52540,1,405,-7.886838912963867,1.0
10075,11,52540,1,729,-7.637876033782959,1.0
10075,11,52540,1,1050,-7.617766380310059,1.0
10075,7,50550,0,0,-12.7666654586792,1.0
10075,7,50550,0,36,-12.471038818359375,1.0
10075,7,50550,0,60,-6.405069828033447,1.0
10075,7,50550,0,84,-1.4774141311645508,0.9942491319444444
10075,7,50550,0,120,-3.2530596256256104,1.0
10075,7,50550,0,180,-2.648730754852295,1.0
10075,7,50550,0,270,-8.070387840270996,1.0
10075,7,50550,0,405,-7.944827079772949,1.0
10075,7,50550,0,729,-7.674318790435791,1.0
10075,7,50550,0,1050,-7.665752410888672,1.0
10076,4,54948,1,0,7.203764915466309,1.0
10076,4,54948,1,36,4.923776626586914,0.9838324652777778
10076,4,54948,1,60,-4.108781337738037,0.9895833333333334
10076,4,54948,1,84,7.1462860107421875,0.9929470486111112
10076,4,54948,1,120,0.3015025854110718,1.0
10076,4,54948,1,180,-2.691580057144165,1.0
10076,4,54948,1,270,-8.688627243041992,1.0
10076,4,54948,1,405,-8.842325210571289,1.0
10076,4,54948,1,729,-8.379778861999512,1.0
10076,4,54948,1,1050,-8.406015396118164,1.0
10076,3,53501,0,0,-28.044384002685547,1.0
10076,3,53501,0,36,-29.24007797241211,1.0
10076,3,53501,0,60,-19.927297592163086,1.0
10076,3,53501,0,84,-20.174409866333008,0.9920789930555556
10076,3,53501,0,120,-6.843148231506348,1.0
10076,3,53501,0,180,-4.0876970291137695,1.0
10076,3,53501,0,270,-8.739164352416992,1.0
10076,3,53501,0,405,-8.603987693786621,1.0
10076,3,53501,0,729,-8.439817428588867,1.0
10076,3,53501,0,1050,-8.387199401855469,1.0
10077,10,52181,1,0,10.95657730102539,1.0
10077,10,52181,1,36,9.823369026184082,0.9932725694444444
10077,10,52181,1,60,9.003861427307129,0.9922960069444444
10077,10,52181,1,84,3.646292209625244,1.0
10077,10,52181,1,120,-0.4972604513168335,1.0
10077,10,52181,1,180,-2.0583393573760986,1.0
10077,10,52181,1,270,-9.162487983703613,1.0
10077,10,52181,1,405,-9.024637222290039,1.0
10077,10,52181,1,729,-8.868021011352539,1.0
10077,10,52181,1,1050,-8.873852729797363,1.0
10077,1,51413,0,0,-14.918951034545898,1.0
10077,1,51413,0,36,-15.385392189025879,1.0
10077,1,51413,0,60,-6.558230876922607,0.9901258680555556
10077,1,51413,0,84,-7.2768659591674805,0.9890407986111112
10077,1,51413,0,120,-1.2592886686325073,1.0
10077,1,51413,0,180,-3.260148048400879,1.0
10077,1,51413,0,270,-9.246285438537598,1.0
10077,1,51413,0,405,-9.230669021606445,1.0
10077,1,51413,0,729,-8.906526565551758,1.0
10077,1,51413,0,1050,-8.894301414489746,1.0
10078,1,52711,1,0,9.459659576416016,1.0
10078,1,52711,1,36,9.271873474121094,1.0
10078,1,52711,1,60,1.1771328449249268,1.0
10078,1,52711,1,84,2.498979091644287,0.9985894097222222
10078,1,52711,1,120,-2.9187309741973877,1.0
10078,1,52711,1,180,-1.1891542673110962,1.0
10078,1,52711,1,270,-7.023750305175781,1.0
10078,1,52711,1,405,-7.271091461181641,1.0
10078,1,52711,1,729,-7.038928985595703,1.0
10078,1,52711,1,1050,-7.030855178833008,1.0
10078,11,52558,0,0,-23.061559677124023,1.0
10078,11,52558,0,36,-21.780597686767578,1.0
10078,11,52558,0,60,-17.791736602783203,1.0
10078,11,52558,0,84,-10.872225761413574,0.9986979166666666
10078,11,52558,0,120,-3.4488141536712646,1.0
10078,11,52558,0,180,-2.196049213409424,1.0
10078,11,52558,0,270,-7.291785717010498,1.0
10078,11,52558,0,405,-7.230940818786621,1.0
10078,11,52558,0,729,-7.045114994049072,1.0
10078,11,52558,0,1050,-7.028501510620117,1.0
10079,2,51757,1,0,10.45431900024414,1.0
10079,2,51757,1,36,8.230803489685059,0.9927300347222222
10079,2,51757,1,60,1.4396991729736328,1.0
10079,2,51757,1,84,1.3125240802764893,0.9921875
10079,2,51757,1,120,-1.5231399536132812,1.0
10079,2,51757,1,180,-3.6066174507141113,1.0
10079,2,51757,1,270,-8.287433624267578,1.0
10079,2,51757,1,405,-8.421025276184082,1.0
10079,2,51757,1,729,-8.18044376373291,1.0
10079,2,51757,1,1050,-8.137528419494629,1.0
10079,4,53974,0,0,-17.49428939819336,1.0
10079,4,53974,0,36,-13.711007118225098,1.0
10079,4,53974,0,60,-7.12885046005249,0.9919704861111112
10079,4,53974,0,84,-4.334047794342041,0.9944661458333334
10079,4,53974,0,120,-2.567688465118408,1.0
10079,4,53974,0,180,-2.5647146701812744,1.0
10079,4,53974,0,270,-8.374382019042969,1.0
10079,4,53974,0,405,-8.325105667114258,1.0
10079,4,53974,0,729,-8.122211456298828,1.0
10079,4,53974,0,1050,-8.138249397277832,1.0
10080,7,53536,1,0,16.192920684814453,1.0
10080,7,53536,1,36,17.181222915649414,0.9896918402777778
10080,7,53536,1,60,9.853876113891602,1.0
10080,7,53536,1,84,3.223121166229248,0.9912109375
10080,7,53536,1,120,0.6813037395477295,1.0
10080,7,53536,1,180,-4.247078895568848,1.0
10080,7,53536,1,270,-10.079318046569824,1.0
10080,7,53536,1,405,-9.906370162963867,1.0
10080,7,53536,1,729,-9.480240821838379,1.0
10080,7,53536,1,1050,-9.487131118774414,1.0
10080,11,53931,0,0,-29.987857818603516,1.0
10080,11,53931,0,36,-31.856178283691406,1.0
10080,11,53931,0,60,-27.519168853759766,1.0
10080,11,53931,0,84,-15.501708984375,1.0
10080,11,53931,0,120,-4.604127883911133,1.0
10080,11,53931,0,180,-4.760547161102295,1.0
10080,11,53931,0,270,-9.600017547607422,1.0
10080,11,53931,0,405,-9.88513469696045,1.0
10080,11,53931,0,729,-9.556280136108398,1.0
10080,11,53931,0,1050,-9.502799987792969,1.0
10081,6,54693,1,0,8.423653602600098,1.0
10081,6,54693,1,36,8.12187671661377,0.9922960069444444
10081,6,54693,1,60,4.033020973205566,0.98828125
10081,6,54693,1,84,4.9254150390625,1.0
10081,6,54693,1,120,1.791623592376709,1.0
10081,6,54693,1,180,-2.7926950454711914,1.0
10081,6,54693,1,270,-8.14544677734375,1.0
10081,6,54693,1,405,-8.107159614562988,1.0
10081,6,54693,1,729,-7.866208553314209,1.0
10081,6,54693,1,1050,-7.881110191345215,1.0
10081,1,52389,0,0,-20.394136428833008,1.0
10081,1,52389,0,36,-17.319889068603516,1.0
10081,1,52389,0,60,-8.215780258178711,1.0
10081,1,52389,0,84,-6.89825439453125,1.0
10081,1,52389,0,120,-3.121293067932129,1.0
10081,1,52389,0,180,-2.083966016769409,1.0
10081,1,52389,0,270,-8.150298118591309,1.0
10081,1,52389,0,405,-8.211091995239258,1.0
10081,1,52389,0,729,-7.902721405029297,1.0
10081,1,52389,0,1050,-7.908740043640137,1.0
10082,3,52694,1,0,-1.929555892944336,1.0
10082,3,52694,1,36,-3.20125150680542,1.0
10082,3,52694,1,60,-0.8259892463684082,1.0
10082,3,52694,1,84,-0.8873627185821533,1.0
10082,3,52694,1,120,0.1382615566253662,1.0
10082,3,52694,1,180,-1.294037103652954,1.0
10082,3,52694,1,270,-8.842552185058594,1.0
10082,3,52694,1,405,-8.912683486938477,1.0
10082,3,52694,1,729,-8.415788650512695,1.0
10082,3,52694,1,1050,-8.432517051696777,1.0
10082,6,50363,0,0,-7.781926155090332,1.0
10082,6,50363,0,36,-7.007445335388184,1.0
10082,6,50363,0,60,-4.047719478607178,1.0
10082,6,50363,0,84,-4.00661563873291,1.0
10082,6,50363,0,120,-2.78706693649292,1.0
10082,6,50363,0,180,-9.004579544067383,1.0
10082,6,50363,0,270,-8.61801528930664,1.0
10082,6,50363,0,405,-8.523905754089355,1.0
10082,6,50363,0,729,-8.42538070678711,1.0
10082,6,50363,0,1050,-8.457183837890625,1.0
10083,9,53325,1,0,12.64874267578125,1.0
10083,9,53325,1,36,16.34086036682129,0.9835069444444444
10083,9,53325,1,60,7.673832893371582,1.0
10083,9,53325,1,84,3.3182425498962402,1.0
10083,9,53325,1,120,-0.06613922119140625,1.0
10083,9,53325,1,180,-1.6958584785461426,1.0
10083,9,53325,1,270,-7.9435200691223145,1.0
10083,9,53325,1,405,-8.19571590423584,1.0
10083,9,53325,1,729,-7.90250825881958,1.0
10083,9,53325,1,1050,-7.8968939781188965,1.0
10083,0,53528,0,0,-25.222129821777344,1.0
10083,0,53528,0,36,-23.351398468017578,0.9934895833333334
10083,0,53528,0,60,-14.379693984985352,0.9861111111111112
10083,0,53528,0,84,-11.06490707397461,1.0
10083,0,53528,0,120,-8.59273624420166,1.0
10083,0,53528,0,180,-3.7839019298553467,1.0
10083,0,53528,0,270,-4.7481889724731445,1.0
10083,0,53528,0,405,-7.805066108703613,1.0
10083,0,53528,0,729,-7.943544387817383,1.0
10083,0,53528,0,1050,-7.937726020812988,1.0
10084,8,53654,1,0,9.917924880981445,1.0
10084,8,53654,1,36,9.047489166259766,1.0
10084,8,53654,1,60,4.002468585968018,1.0
10084,8,53654,1,84,2.680671215057373,1.0
10084,8,53654,1,120,0.37807464599609375,1.0
10084,8,53654,1,180,-1.9801223278045654,1.0
10084,8,53654,1,270,-8.391935348510742,1.0
10084,8,53654,1,405,-8.353933334350586,1.0
10084,8,53654,1,729,-8.184836387634277,1.0
10084,8,53654,1,1050,-8.145362854003906,1.0
10084,1,53194,0,0,-4.866168022155762,1.0
10084,1,53194,0,36,-4.774339199066162,1.0
10084,1,53194,0,60,-4.428656101226807,1.0
10084,1,53194,0,84,-3.9791476726531982,0.9963107638888888
10084,1,53194,0,120,-2.6281821727752686,1.0
10084,1,53194,0,180,-0.6382306218147278,1.0
10084,1,53194,0,270,-8.4330472946167,1.0
10084,1,53194,0,405,-8.412294387817383,1.0
10084,1,53194,0,729,-8.197128295898438,1.0
10084,1,53194,0,1050,-8.147124290466309,1.0
10085,8,51231,1,0,7.86605978012085,1.0
10085,8,51231,1,36,8.400737762451172,1.0
10085,8,51231,1,60,5.666891098022461,1.0
10085,8,51231,1,84,2.053866147994995,1.0
10085,8,51231,1,120,-1.8787531852722168,1.0
10085,8,51231,1,180,-2.017253875732422,1.0
10085,8,51231,1,270,-5.170772075653076,1.0
10085,8,51231,1,405,-7.132538795471191,1.0
10085,8,51231,1,729,-7.633867263793945,1.0
10085,8,51231,1,1050,-7.657747745513916,1.0
10085,9,54322,0,0,-9.736627578735352,1.0
10085,9,54322,0,36,-13.408859252929688,0.9906684027777778
10085,9,54322,0,60,-4.022221088409424,0.9903428819444444
10085,9,54322,0,84,-2.169945478439331,1.0
10085,9,54322,0,120,-3.816990375518799,1.0
10085,9,54322,0,180,-5.142917156219482,1.0
10085,9,54322,0,270,-7.811560153961182,1.0
10085,9,54322,0,405,-7.756837844848633,1.0
10085,9,54322,0,729,-7.6640706062316895,1.0
10085,9,54322,0,1050,-7.673282146453857,1.0
10086,10,52918,1,0,4.408381462097168,1.0
10086,10,52918,1,36,5.9198408126831055,1.0
10086,10,52918,1,60,0.8306374549865723,1.0
10086,10,52918,1,84,1.067495346069336,0.9898003472222222
10086,10,52918,1,120,-0.41276097297668457,1.0
10086,10,52918,1,180,-4.45054817199707,1.0
10086,10,52918,1,270,-8.851519584655762,1.0
10086,10,52918,1,405,-8.844404220581055,1.0
10086,10,52918,1,729,-8.3931245803833,1.0
10086,10,52918,1,1050,-8.385451316833496,1.0
10086,1,50254,0,0,-40.37131881713867,1.0
10086,1,50254,0,36,-30.154964447021484,0.9916449652777778
10086,1,50254,0,60,-29.619457244873047,0.9903428819444444
10086,1,50254,0,84,-22.16050910949707,1.0
10086,1,50254,0,120,-14.218904495239258,1.0
10086,1,50254,0,180,-9.440261840820312,1.0
10086,1,50254,0,270,-4.386283874511719,1.0
10086,1,50254,0,405,-8.352754592895508,1.0
10086,1,50254,0,729,-8.36694622039795,1.0
10086,1,50254,0,1050,-8.378032684326172,1.0
10087,7,51650,1,0,10.508678436279297,1.0
10087,7,51650,1,36,-0.2583198547363281,0.9922960069444444
10087,7,51650,1,60,7.619039535522461,1.0
10087,7,51650,1,84,4.525758266448975,1.0
10087,7,51650,1,120,0.7051947116851807,0.9990234375
10087,7,51650,1,180,-0.8015010356903076,1.0
10087,7,51650,1,270,-9.287522315979004,1.0
10087,7,51650,1,405,-9.08963394165039,1.0
10087,7,51650,1,729,-8.923796653747559,1.0
10087,7,51650,1,1050,-8.875202178955078,1.0
10087,10,54858,0,0,-22.149791717529297,1.0
10087,10,54858,0,36,-23.2008056640625,0.9930555555555556
10087,10,54858,0,60,-11.513392448425293,1.0
10087,10,54858,0,84,-6.4071197509765625,0.9890407986111112
10087,10,54858,0,120,-4.665539741516113,0.9976128472222222
10087,10,54858,0,180,-2.813807725906372,1.0
10087,10,54858,0,270,-9.18001937866211,1.0
10087,10,54858,0,405,-9.089223861694336,1.0
10087,10,54858,0,729,-8.877334594726562,1.0
10087,10,54858,0,1050,-8.876747131347656,1.0
10088,1,54268,1,0,4.53700590133667,1.0
10088,1,54268,1,36,4.54334020614624,1.0
10088,1,54268,1,60,0.5006909370422363,0.9871961805555556
10088,1,54268,1,84,1.2801014184951782,1.0
10088,1,54268,1,120,0.3034301996231079,1.0
10088,1,54268,1,180,-1.1944493055343628,1.0
10088,1,54268,1,270,-7.2538604736328125,1.0
10088,1,54268,1,405,-7.2629804611206055,1.0
10088,1,54268,1,729,-7.051539897918701,1.0
10088,1,54268,1,1050,-7.038873195648193,1.0
10088,9,52540,0,0,-18.721519470214844,1.0
10088,9,52540,0,36,-18.759798049926758,1.0
10088,9,52540,0,60,-10.340081214904785,1.0
10088,9,52540,0,84,-6.239939212799072,0.9901258680555556
10088,9,52540,0,120,-3.887892246246338,1.0
10088,9,52540,0,180,-3.1119518280029297,1.0
10088,9,52540,0,270,-7.241447448730469,1.0
10088,9,52540,0,405,-7.158276081085205,1.0
10088,9,52540,0,729,-7.023728847503662,1.0
10088,9,52540,0,1050,-7.036570072174072,0.9997829861111112
10089,3,53342,1,0,6.650659561157227,1.0
10089,3,53342,1,36,6.059627056121826,1.0
10089,3,53342,1,60,-14.014760971069336,0.9900173611111112
10089,3,53342,1,84,-0.8992166519165039,1.0
10089,3,53342,1,120,-3.0940194129943848,1.0
10089,3,53342,1,180,-4.292060375213623,1.0
10089,3,53342,1,270,-8.365224838256836,1.0
10089,3,53342,1,405,-8.223381042480469,1.0
10089,3,53342,1,729,-8.125571250915527,1.0
10089,3,53342,1,1050,-8.143410682678223,1.0
10089,8,54704,0,0,-17.27449607849121,1.0
10089,8,54704,0,36,-16.62336540222168,1.0
10089,8,54704,0,60,-9.178613662719727,0.9945746527777778
10089,8,54704,0,84,-4.944318771362305,1.0
10089,8,54704,0,120,-1.2936543226242065,1.0
10089,8,54704,0,180,-2.0601651668548584,1.0
10089,8,54704,0,270,-8.408883094787598,1.0
10089,8,54704,0,405,-8.288509368896484,1.0
10089,8,54704,0,729,-8.125836372375488,1.0
10089,8,54704,0,1050,-8.19552993774414,0.9998914930555556
10090,4,51365,1,0,15.46548843383789,1.0
10090,4,51365,1,36,15.563560485839844,1.0
10090,4,51365,1,60,10.621393203735352,1.0
10090,4,51365,1,84,6.5977325439453125,1.0
10090,4,51365,1,120,3.1134257316589355,1.0
10090,4,51365,1,180,-2.12660551071167,1.0
10090,4,51365,1,270,-8.574647903442383,1.0
10090,4,51365,1,405,-9.782880783081055,1.0
10090,4,51365,1,729,-9.577499389648438,1.0
10090,4,51365,1,1050,-9.524284362792969,1.0
10090,7,54400,0,0,-26.972164154052734,1.0
10090,7,54400,0,36,-29.380615234375,0.9933810763888888
10090,7,54400,0,60,-17.985876083374023,1.0
10090,7,54400,0,84,-10.42147445678711,1.0
10090,7,54400,0,120,-4.292981147766113,1.0
10090,7,54400,0,180,-2.403397560119629,1.0
10090,7,54400,0,270,-9.385692596435547,1.0
10090,7,54400,0,405,-10.085823059082031,1.0
10090,7,54400,0,729,-9.51241683959961,1.0
10090,7,54400,0,1050,-9.479586601257324,1.0
10091,1,54825,1,0,9.928925514221191,1.0
10091,1,54825,1,36,9.96286678314209,1.0
10091,1,54825,1,60,6.086061477661133,0.9957682291666666
10091,1,54825,1,84,3.518860340118408,1.0
10091,1,54825,1,120,1.3437925577163696,1.0
10091,1,54825,1,180,-1.5117542743682861,1.0
10091,1,54825,1,270,-8.283799171447754,1.0
10091,1,54825,1,405,-8.047483444213867,1.0
10091,1,54825,1,729,-7.880087375640869,1.0
10091,1,54825,1,1050,-7.90719747543335,1.0
10091,6,52415,0,0,-18.7509765625,1.0
10091,6,52415,0,36,-17.53493309020996,1.0
10091,6,52415,0,60,-13.355178833007812,1.0
10091,6,52415,0,84,-6.693699359893799,0.9937065972222222
10091,6,52415,0,120,-8.88095474243164,1.0
10091,6,52415,0,180,-2.8217227458953857,1.0
10091,6,52415,0,270,-7.084035396575928,1.0
10091,6,52415,0,405,-5.955426216125488,1.0
10091,6,52415,0,729,-7.9376540184021,1.0
10091,6,52415,0,1050,-7.8434038162231445,1.0
10092,2,53571,1,0,7.729033946990967,1.0
10092,2,53571,1,36,7.4342265129089355,1.0
10092,2,53571,1,60,5.158551216125488,0.9932725694444444
10092,2,53571,1,84,2.776952028274536,0.9966362847222222
10092,2,53571,1,120,1.2312182188034058,1.0
10092,2,53571,1,180,-0.5375221967697144,1.0
10092,2,53571,1,270,-8.756139755249023,1.0
10092,2,53571,1,405,-8.645570755004883,1.0
10092,2,53571,1,729,-8.393223762512207,1.0
10092,2,53571,1,1050,-8.400226593017578,1.0
10092,5,52310,0,0,-18.840238571166992,1.0
10092,5,52310,0,36,-14.972358703613281,0.9901258680555556
10092,5,52310,0,60,-13.483684539794922,1.0
10092,5,52310,0,84,-7.224499702453613,1.0
10092,5,52310,0,120,-2.370401620864868,1.0
10092,5,52310,0,180,-3.2031090259552,1.0
10092,5,52310,0,270,-8.558145523071289,1.0
10092,5,52310,0,405,-8.770617485046387,1.0
10092,5,52310,0,729,-8.39444637298584,1.0
10092,5,52310,0,1050,-8.375312805175781,1.0
10093,7,54242,1,0,11.08433723449707,1.0
10093,7,54242,1,36,10.431500434875488,0.9931640625
10093,7,54242,1,60,7.378597259521484,1.0
10093,7,54242,1,84,5.303559303283691,1.0
10093,7,54242,1,120,-0.5474169254302979,1.0
10093,7,54242,1,180,-1.5042192935943604,1.0
10093,7,54242,1,270,-7.700234889984131,1.0
10093,7,54242,1,405,-7.89105749130249,1.0
10093,7,54242,1,729,-7.906755447387695,1.0
10093,7,54242,1,1050,-7.9008073806762695,1.0
10093,11,53911,0,0,-9.268077850341797,1.0
10093,11,53911,0,36,-9.54683780670166,1.0
10093,11,53911,0,60,-5.948511600494385,1.0
10093,11,53911,0,84,-7.805878639221191,1.0
10093,11,53911,0,120,-5.100168228149414,1.0
10093,11,53911,0,180,-2.100313425064087,1.0
10093,11,53911,0,270,-3.2277328968048096,1.0
10093,11,53911,0,405,-7.755756855010986,1.0
10093,11,53911,0,729,-7.995968818664551,1.0
10093,11,53911,0,1050,-7.865349292755127,1.0
10094,1,54234,1,0,14.738204956054688,1.0
10094,1,54234,1,36,13.386053085327148,1.0
10094,1,54234,1,60,13.512245178222656,0.9880642361111112
10094,1,54234,1,84,9.22462272644043,1.0
10094,1,54234,1,120,-1.21746826171875,1.0
10094,1,54234,1,180,-1.8830803632736206,1.0
10094,1,54234,1,270,-8.004731178283691,1.0
10094,1,54234,1,405,-8.248893737792969,1.0
10094,1,54234,1,729,-8.163896560668945,1.0
10094,1,54234,1,1050,-8.179664611816406,0.998046875
10094,0,54901,0,0,-13.477282524108887,1.0
10094,0,54901,0,36,-8.2191743850708,0.9925130208333334
10094,0,54901,0,60,-6.863007068634033,1.0
10094,0,54901,0,84,-3.1849546432495117,1.0
10094,0,54901,0,120,-1.6434245109558105,1.0
10094,0,54901,0,180,-2.6187407970428467,1.0
10094,0,54901,0,270,-8.384114265441895,1.0
10094,0,54901,0,405,-8.256125450134277,1.0
10094,0,54901,0,729,-8.131614685058594,1.0
10094,0,54901,0,1050,-8.174721717834473,1.0
10095,10,54928,1,0,11.763138771057129,1.0
10095,10,54928,1,36,4.554062366485596,0.9921875
10095,10,54928,1,60,1.0052497386932373,0.9956597222222222
10095,10,54928,1,84,2.7384719848632812,1.0
10095,10,54928,1,120,-1.2816756963729858,1.0
10095,10,54928,1,180,-1.3601627349853516,1.0
10095,10,54928,1,270,-7.915140628814697,1.0
10095,10,54928,1,405,-7.721786975860596,1.0
10095,10,54928,1,729,-7.659994125366211,1.0
10095,10,54928,1,1050,-7.649351596832275,0.9990234375
10095,4,52807,0,0,-14.296478271484375,1.0
10095,4,52807,0,36,-13.819137573242188,1.0
10095,4,52807,0,60,-9.25072193145752,0.9919704861111112
10095,4,52807,0,84,-12.041482925415039,0.9911024305555556
10095,4,52807,0,120,-4.76557731628418,1.0
10095,4,52807,0,180,-3.092137336730957,1.0
10095,4,52807,0,270,-8.035298347473145,1.0
10095,4,52807,0,405,-7.808314323425293,1.0
10095,4,52807,0,729,-7.6723504066467285,1.0
10095,4,52807,0,1050,-7.646988868713379,1.0
10096,9,53009,1,0,9.462671279907227,1.0
10096,9,53009,1,36,8.602346420288086,1.0
10096,9,53009,1,60,5.649744510650635,1.0
10096,9,53009,1,84,6.105634689331055,1.0
10096,9,53009,1,120,0.9869120121002197,1.0
10096,9,53009,1,180,-0.39833712577819824,1.0
10096,9,53009,1,270,-7.316017150878906,1.0
10096,9,53009,1,405,-8.687264442443848,1.0
10096,9,53009,1,729,-8.405020713806152,1.0
10096,9,53009,1,1050,-8.383119583129883,1.0
10096,10,54903,0,0,-17.28896713256836,1.0
10096,10,54903,0,36,-19.523883819580078,0.9933810763888888
10096,10,54903,0,60,-17.68658447265625,0.9958767361111112
10096,10,54903,0,84,-6.656451225280762,0.9899088541666666
10096,10,54903,0,120,-4.730466365814209,1.0
10096,10,54903,0,180,-4.035472393035889,1.0
10096,10,54903,0,270,-8.665922164916992,1.0
10096,10,54903,0,405,-8.567623138427734,1.0
10096,10,54903,0,729,-8.381875991821289,1.0
10096,10,54903,0,1050,-8.408670425415039,1.0
10097,2,52591,1,0,11.239601135253906,1.0
10097,2,52591,1,36,11.024848937988281,1.0
10097,2,52591,1,60,8.008960723876953,1.0
10097,2,52591,1,84,4.480655670166016,1.0
10097,2,52591,1,120,1.407026767730713,1.0
10097,2,52591,1,180,-0.48018407821655273,1.0
10097,2,52591,1,270,-9.15793514251709,1.0
10097,2,52591,1,405,-9.150359153747559,1.0
10097,2,52591,1,729,-8.865702629089355,1.0
10097,2,52591,1,1050,-8.876806259155273,1.0
10097,8,52830,0,0,-25.587743759155273,1.0
10097,8,52830,0,36,-24.295209884643555,1.0
10097,8,52830,0,60,-15.617114067077637,1.0
10097,8,52830,0,84,-7.728719711303711,0.9985894097222222
10097,8,52830,0,120,-0.18290972709655762,1.0
10097,8,52830,0,180,-2.0792160034179688,1.0
10097,8,52830,0,270,-5.038824558258057,1.0
10097,8,52830,0,405,-7.169407367706299,1.0
10097,8,52830,0,729,-9.108233451843262,1.0
10097,8,52830,0,1050,-8.86928653717041,1.0
10098,4,54437,1,0,7.187623023986816,1.0
10098,4,54437,1,36,5.2394609451293945,1.0
10098,4,54437,1,60,2.7317709922790527,1.0
10098,4,54437,1,84,-0.4261770248413086,0.9896918402777778
10098,4,54437,1,120,-1.1212940216064453,1.0
10098,4,54437,1,180,-0.34006190299987793,1.0
10098,4,54437,1,270,-7.352359771728516,1.0
10098,4,54437,1,405,-7.34309720993042,1.0
10098,4,54437,1,729,-7.025519847869873,1.0
10098,4,54437,1,1050,-7.051164150238037,1.0
10098,11,50134,0,0,-14.673446655273438,1.0
10098,11,50134,0,36,-16.77688980102539,1.0
10098,11,50134,0,60,-6.023899555206299,0.9898003472222222
10098,11,50134,0,84,-6.674827575683594,0.9983723958333334
10098,11,50134,0,120,-0.7878032326698303,1.0
10098,11,50134,0,180,-1.3091963529586792,1.0
10098,11,50134,0,270,-7.33760404586792,1.0
10098,11,50134,0,405,-7.175844192504883,1.0
10098,11,50134,0,729,-7.040529727935791,1.0
10098,11,50134,0,1050,-7.047014236450195,1.0
10099,4,51981,1,0,10.464967727661133,1.0
10099,4,51981,1,36,10.335901260375977,0.9929470486111112
10099,4,51981,1,60,3.849553108215332,1.0
10099,4,51981,1,84,0.5329394340515137,0.9904513888888888
10099,4,51981,1,120,-0.8114195466041565,1.0
10099,4,51981,1,180,-4.791668891906738,1.0
10099,4,51981,1,270,-8.378231048583984,1.0
10099,4,51981,1,405,-8.284759521484375,1.0
10099,4,51981,1,729,-8.121739387512207,1.0
10099,4,51981,1,1050,-8.145585060119629,1.0
10099,1,54636,0,0,-12.905936241149902,1.0
10099,1,54636,0,36,-12.592060089111328,1.0
10099,1,54636,0,60,-9.07369613647461,1.0
10099,1,54636,0,84,-7.577827453613281,0.9901258680555556
10099,1,54636,0,120,-4.5370025634765625,0.9979383680555556
10099,1,54636,0,180,-3.5128469467163086,1.0
10099,1,54636,0,270,-4.0261921882629395,1.0
10099,1,54636,0,405,-2.342130661010742,1.0
10099,1,54636,0,729,-8.209293365478516,1.0
10099,1,54636,0,1050,-8.114460945129395,1.0
10100,3,53533,1,0,17.229400634765625,1.0
10100,3,53533,1,36,16.33020782470703,1.0
10100,3,53533,1,60,6.725938320159912,0.9917534722222222
10100,3,53533,1,84,5.115715980529785,0.9899088541666666
10100,3,53533,1,120,-0.5512881278991699,1.0
10100,3,53533,1,180,-1.4211032390594482,1.0
10100,3,53533,1,270,-10.19044303894043,1.0
10100,3,53533,1,405,-10.1058931350708,1.0
10100,3,53533,1,729,-9.57845687866211,1.0
10100,3,53533,1,1050,-9.478191375732422,1.0
10100,11,50128,0,0,-16.906007766723633,1.0
10100,11,50128,0,36,-15.780101776123047,1.0
10100,11,50128,0,60,-6.820812225341797,1.0
10100,11,50128,0,84,-7.7992167472839355,1.0
10100,11,50128,0,120,-6.9783830642700195,1.0
10100,11,50128,0,180,-3.7403478622436523,1.0
10100,11,50128,0,270,-9.965540885925293,1.0
10100,11,50128,0,405,-9.730194091796875,1.0
10100,11,50128,0,729,-9.480177879333496,1.0
10100,11,50128,0,1050,-9.491544723510742,1.0
10101,11,50261,1,0,8.05561351776123,1.0
10101,11,50261,1,36,8.09276294708252,1.0
10101,11,50261,1,60,4.665321350097656,0.9856770833333334
10101,11,50261,1,84,3.7569973468780518,1.0
10101,11,50261,1,120,-2.6606807708740234,0.9979383680555556
10101,11,50261,1,180,-2.591235399246216,1.0
10101,11,50261,1,270,-8.13011646270752,1.0
10101,11,50261,1,405,-8.007307052612305,1.0
10101,11,50261,1,729,-7.86946964263916,1.0
10101,11,50261,1,1050,-7.882274150848389,1.0
10101,6,53079,0,0,-49.36723327636719,1.0
10101,6,53079,0,36,-43.94890594482422,0.9933810763888888
10101,6,53079,0,60,-24.81523895263672,0.9913194444444444
10101,6,53079,0,84,-14.86102294921875,1.0
10101,6,53079,0,120,-3.5882632732391357,1.0
10101,6,53079,0,180,-3.475249767303467,1.0
10101,6,53079,0,270,-8.058111190795898,1.0
10101,6,53079,0,405,-8.0248384475708,1.0
10101,6,53079,0,729,-7.897509574890137,1.0
10101,6,53079,0,1050,-7.898258209228516,1.0
10102,10,51530,1,0,1.210698127746582,1.0
10102,10,51530,1,36,-1.5243544578552246,0.9908854166666666
10102,10,51530,1,60,0.038231611251831055,1.0
10102,10,51530,1,84,0.4467782974243164,1.0
10102,10,51530,1,120,-0.7762818932533264,1.0
10102,10,51530,1,180,-4.751812934875488,1.0
10102,10,51530,1,270,-8.737102508544922,1.0
10102,10,51530,1,405,-8.63841438293457,1.0
10102,10,51530,1,729,-8.426855087280273,1.0
10102,10,51530,1,1050,-8.444001197814941,1.0
10102,7,50187,0,0,-17.08319091796875,1.0
10102,7,50187,0,36,-14.922003746032715,1.0
10102,7,50187,0,60,-10.387593269348145,1.0
10102,7,50187,0,84,-10.891908645629883,0.98828125
10102,7,50187,0,120,-2.159364938735962,1.0
10102,7,50187,0,180,-3.6699421405792236,1.0
10102,7,50187,0,270,-7.653318405151367,1.0
10102,7,50187,0,405,-8.543561935424805,1.0
10102,7,50187,0,729,-8.431976318359375,1.0
10102,7,50187,0,1050,-8.422239303588867,1.0
10103,0,53223,1,0,9.878530502319336,1.0
10103,0,53223,1,36,10.290570259094238,1.0
10103,0,53223,1,60,6.697105407714844,0.99609375
10103,0,53223,1,84,-3.7432966232299805,0.9911024305555556
10103,0,53223,1,120,-3.6596479415893555,1.0
10103,0,53223,1,180,-2.6859164237976074,1.0
10103,0,53223,1,270,-8.318758964538574,1.0
10103,0,53223,1,405,-8.212014198303223,1.0
10103,0,53223,1,729,-7.895572662353516,1.0
10103,0,53223,1,1050,-7.8912763595581055,1.0
10103,5,54693,0,0,-33.714168548583984,1.0
10103,5,54693,0,36,-33.52309799194336,0.9932725694444444
10103,5,54693,0,60,-23.90459442138672,1.0
10103,5,54693,0,84,-18.881237030029297,0.9973958333333334
10103,5,54693,0,120,-6.532462120056152,1.0
10103,5,54693,0,180,-8.770099639892578,1.0
10103,5,54693,0,270,-8.210480690002441,1.0
10103,5,54693,0,405,-8.155149459838867,1.0
10103,5,54693,0,729,-7.930260181427002,1.0
10103,5,54693,0,1050,-7.895318031311035,1.0
10104,6,54991,1,0,9.357215881347656,1.0
10104,6,54991,1,36,9.418375015258789,0.9930555555555556
10104,6,54991,1,60,-0.618748664855957,0.9927300347222222
10104,6,54991,1,84,4.404611110687256,1.0
10104,6,54991,1,120,-1.098444938659668,0.9976128472222222
10104,6,54991,1,180,-2.5777132511138916,1.0
10104,6,54991,1,270,-8.219330787658691,1.0
10104,6,54991,1,405,-8.443154335021973,1.0
10104,6,54991,1,729,-8.145308494567871,1.0
10104,6,54991,1,1050,-8.158597946166992,1.0
10104,10,53137,0,0,-11.660207748413086,1.0
10104,10,53137,0,36,-12.208248138427734,1.0
10104,10,53137,0,60,-5.338854789733887,1.0
10104,10,53137,0,84,-4.966104984283447,1.0
10104,10,53137,0,120,-2.5743935108184814,1.0
10104,10,53137,0,180,-2.288498640060425,1.0
10104,10,53137,0,270,-6.847237586975098,1.0
10104,10,53137,0,405,-8.25123405456543,1.0
10104,10,53137,0,729,-8.166460037231445,1.0
10104,10,53137,0,1050,-8.169544219970703,1.0
10105,3,54975,1,0,2.406665563583374,1.0
10105,3,54975,1,36,1.0232467651367188,0.9907769097222222
10105,3,54975,1,60,2.196230888366699,1.0
10105,3,54975,1,84,0.8250241279602051,1.0
10105,3,54975,1,120,-0.1904616355895996,1.0
10105,3,54975,1,180,-6.492099761962891,1.0
10105,3,54975,1,270,-7.912390232086182,1.0
10105,3,54975,1,405,-7.855714797973633,1.0
10105,3,54975,1,729,-7.648490905761719,1.0
10105,3,54975,1,1050,-7.643456935882568,1.0
10105,2,52050,0,0,-20.763704299926758,1.0
10105,2,52050,0,36,-20.98125648498535,1.0
10105,2,52050,0,60,-16.456676483154297,0.98828125
10105,2,52050,0,84,-5.19881010055542,1.0
10105,2,52050,0,120,-2.5594892501831055,1.0
10105,2,52050,0,180,-3.0780646800994873,1.0
10105,2,52050,0,270,-7.499755382537842,1.0
10105,2,52050,0,405,-7.078646659851074,1.0
10105,2,52050,0,729,-7.647146224975586,1.0
10105,2,52050,0,1050,-7.669471263885498,1.0
10106,4,50888,1,0,10.157078742980957,1.0
10106,4,50888,1,36,7.770906448364258,0.9932725694444444
10106,4,50888,1,60,1.6817114353179932,0.9952256944444444
10106,4,50888,1,84,-0.3593841791152954,0.9912109375
10106,4,50888,1,120,-1.51631760597229,0.9978298611111112
10106,4,50888,1,180,-7.086238861083984,1.0
10106,4,50888,1,270,-8.707768440246582,1.0
10106,4,50888,1,405,-8.724997520446777,1.0
10106,4,50888,1,729,-8.401511192321777,1.0
10106,4,50888,1,1050,-8.408315658569336,1.0
10106,9,52115,0,0,-8.085047721862793,1.0
10106,9,52115,0,36,-8.794442176818848,1.0
10106,9,52115,0,60,-8.82591724395752,0.9942491319444444
10106,9,52115,0,84,-4.005550384521484,1.0
10106,9,52115,0,120,-3.406367540359497,1.0
10106,9,52115,0,180,-3.9424870014190674,1.0
10106,9,52115,0,270,-8.770039558410645,1.0
10106,9,52115,0,405,-8.516460418701172,1.0
10106,9,52115,0,729,-8.41232681274414,1.0
10106,9,52115,0,1050,-8.397622108459473,1.0
10107,5,53060,1,0,13.84959602355957,1.0
10107,5,53060,1,36,14.540885925292969,1.0
10107,5,53060,1,60,8.272692680358887,1.0
10107,5,53060,1,84,8.140637397766113,1.0
10107,5,53060,1,120,1.1937525272369385,1.0
10107,5,53060,1,180,-1.5250006914138794,1.0
10107,5,53060,1,270,-9.183904647827148,1.0
10107,5,53060,1,405,-9.170205116271973,1.0
10107,5,53060,1,729,-8.867610931396484,1.0
10107,5,53060,1,1050,-8.876989364624023,1.0
10107,0,53797,0,0,-30.896045684814453,1.0
10107,0,53797,0,36,-27.87378692626953,1.0
10107,0,53797,0,60,-19.097888946533203,1.0
10107,0,53797,0,84,-12.094842910766602,1.0
10107,0,53797,0,120,-5.348588943481445,1.0
10107,0,53797,0,180,-6.839615345001221,1.0
10107,0,53797,0,270,-9.219773292541504,1.0
10107,0,53797,0,405,-8.969951629638672,1.0
10107,0,53797,0,729,-8.856125831604004,1.0
10107,0,53797,0,1050,-8.893417358398438,1.0
10108,1,50013,1,0,15.677474975585938,1.0
10108,1,50013,1,36,15.213285446166992,1.0
10108,1,50013,1,60,7.547195911407471,1.0
10108,1,50013,1,84,3.7305219173431396,0.9983723958333334
10108,1,50013,1,120,2.5914735794067383,1.0
10108,1,50013,1,180,-0.5006650686264038,1.0
10108,1,50013,1,270,-7.074758529663086,1.0
10108,1,50013,1,405,-6.890542507171631,1.0
10108,1,50013,1,729,-7.034468173980713,1.0
10108,1,50013,1,1050,-7.02992582321167,1.0
10108,5,52923,0,0,-11.976187705993652,1.0
10108,5,52923,0,36,-12.062928199768066,1.0
10108,5,52923,0,60,-7.067338943481445,0.9917534722222222
10108,5,52923,0,84,-6.288662910461426,1.0
10108,5,52923,0,120,-2.6022849082946777,1.0
10108,5,52923,0,180,-3.0532326698303223,1.0
10108,5,52923,0,270,-3.981945276260376,1.0
10108,5,52923,0,405,-7.400554656982422,1.0
10108,5,52923,0,729,-7.089840888977051,1.0
10108,5,52923,0,1050,-7.113072395324707,1.0
10109,8,53247,1,0,14.425344467163086,1.0
10109,8,53247,1,36,10.191648483276367,0.9926215277777778
10109,8,53247,1,60,0.19182968139648438,0.9901258680555556
10109,8,53247,1,84,3.23272442817688,0.9962022569444444
10109,8,53247,1,120,-0.17716407775878906,1.0
10109,8,53247,1,180,0.08369863033294678,1.0
10109,8,53247,1,270,-8.057518005371094,1.0
10109,8,53247,1,405,-8.33345890045166,1.0
10109,8,53247,1,729,-8.125635147094727,1.0
10109,8,53247,1,1050,-8.138389587402344,1.0
10109,11,53215,0,0,-27.20138168334961,1.0
10109,11,53215,0,36,-24.2349910736084,1.0
10109,11,53215,0,60,-16.418630599975586,1.0
10109,11,53215,0,84,-13.720610618591309,1.0
10109,11,53215,0,120,-8.196649551391602,1.0
10109,11,53215,0,180,-3.6470212936401367,1.0
10109,11,53215,0,270,-8.04586124420166,1.0
10109,11,53215,0,405,-8.335723876953125,1.0
10109,11,53215,0,729,-8.135228157043457,1.0
10109,11,53215,0,1050,-8.131709098815918,1.0
10110,6,52821,1,0,19.551347732543945,1.0
10110,6,52821,1,36,17.900068283081055,0.9934895833333334
10110,6,52821,1,60,7.024901866912842,0.9921875
10110,6,52821,1,84,7.212961196899414,1.0
10110,6,52821,1,120,0.08003473281860352,0.9989149305555556
10110,6,52821,1,180,-3.423391342163086,1.0
10110,6,52821,1,270,-9.689254760742188,1.0
10110,6,52821,1,405,-9.908275604248047,1.0
10110,6,52821,1,729,-9.485028266906738,1.0
10110,6,52821,1,1050,-9.53717041015625,1.0
10110,1,54379,0,0,-26.261781692504883,1.0
10110,1,54379,0,36,-23.016260147094727,0.9838324652777778
10110,1,54379,0,60,-15.58204174041748,1.0
10110,1,54379,0,84,-14.021604537963867,1.0
10110,1,54379,0,120,-6.092646598815918,1.0
10110,1,54379,0,180,-3.6980676651000977,1.0
10110,1,54379,0,270,-9.960325241088867,1.0
10110,1,54379,0,405,-9.959922790527344,1.0
10110,1,54379,0,729,-9.588659286499023,1.0
10110,1,54379,0,1050,-9.520198822021484,1.0
10111,3,54070,1,0,4.265130996704102,1.0
10111,3,54070,1,36,3.2755048274993896,0.9898003472222222
10111,3,54070,1,60,-0.8929527997970581,0.9901258680555556
10111,3,54070,1,84,-0.24025005102157593,0.9982638888888888
10111,3,54070,1,120,-0.7737482786178589,1.0
10111,3,54070,1,180,-5.531730651855469,1.0
10111,3,54070,1,270,-8.119242668151855,1.0
10111,3,54070,1,405,-8.030604362487793,1.0
10111,3,54070,1,729,-7.898525238037109,1.0
10111,3,54070,1,1050,-7.879652500152588,1.0
10111,9,53928,0,0,-10.116991996765137,1.0
10111,9,53928,0,36,-7.16465950012207,0.990234375
10111,9,53928,0,60,-6.581631660461426,0.9935980902777778
10111,9,53928,0,84,-5.044114112854004,0.9962022569444444
10111,9,53928,0,120,-2.306783437728882,1.0
10111,9,53928,0,180,-6.637659549713135,1.0
10111,9,53928,0,270,-8.067767143249512,1.0
10111,9,53928,0,405,-8.090587615966797,1.0
10111,9,53928,0,729,-7.86667013168335,1.0
10111,9,53928,0,1050,-7.86960506439209,1.0
10112,1,50991,1,0,8.651697158813477,1.0
10112,1,50991,1,36,8.971973419189453,1.0
10112,1,50991,1,60,6.541949272155762,1.0
10112,1,50991,1,84,1.398686408996582,0.9916449652777778
10112,1,50991,1,120,2.0337724685668945,1.0
10112,1,50991,1,180,0.921616792678833,1.0
10112,1,50991,1,270,-8.789286613464355,1.0
10112,1,50991,1,405,-8.89254093170166,1.0
10112,1,50991,1,729,-8.42581558227539,1.0
10112,1,50991,1,1050,-8.41114330291748,0.9970703125
10112,3,51570,0,0,-21.99329376220703,1.0
10112,3,51570,0,36,-19.596080780029297,0.9836154513888888
10112,3,51570,0,60,-13.085079193115234,1.0
10112,3,51570,0,84,-11.617165565490723,0.9979383680555556
10112,3,51570,0,120,-3.4495391845703125,1.0
10112,3,51570,0,180,-1.1132415533065796,1.0
10112,3,51570,0,270,-8.140543937683105,1.0
10112,3,51570,0,405,-8.277630805969238,1.0
10112,3,51570,0,729,-8.459735870361328,1.0
10112,3,51570,0,1050,-8.387345314025879,1.0
10113,9,54201,1,0,11.622526168823242,1.0
10113,9,54201,1,36,4.448768138885498,0.9915364583333334
10113,9,54201,1,60,4.993995666503906,1.0
10113,9,54201,1,84,-4.2841973304748535,0.9943576388888888
10113,9,54201,1,120,-0.4432036876678467,1.0
10113,9,54201,1,180,-1.1933013200759888,1.0
10113,9,54201,1,270,-8.308704376220703,1.0
10113,9,54201,1,405,-8.156975746154785,1.0
10113,9,54201,1,729,-7.897677898406982,1.0
10113,9,54201,1,1050,-7.890782356262207,1.0
10113,6,53821,0,0,-24.303152084350586,1.0
10113,6,53821,0,36,-23.616241455078125,1.0
10113,6,53821,0,60,-9.255393028259277,1.0
10113,6,53821,0,84,-13.00634765625,0.9986979166666666
10113,6,53821,0,120,-2.881910800933838,1.0
10113,6,53821,0,180,-2.828122615814209,1.0
10113,6,53821,0,270,-8.2771635055542,1.0
10113,6,53821,0,405,-8.144234657287598,1.0
10113,6,53821,0,729,-7.924218654632568,1.0
10113,6,53821,0,1050,-7.9199018478393555,1.0
10114,4,53655,1,0,18.652786254882812,1.0
10114,4,53655,1,36,17.858482360839844,1.0
10114,4,53655,1,60,9.533764839172363,1.0
10114,4,53655,1,84,6.412899017333984,1.0
10114,4,53655,1,120,-0.7595458030700684,1.0
10114,4,53655,1,180,-1.3685506582260132,1.0
10114,4,53655,1,270,-7.975990295410156,1.0
10114,4,53655,1,405,-8.379608154296875,1.0
10114,4,53655,1,729,-8.14647388458252,1.0
10114,4,53655,1,1050,-8.112943649291992,1.0
10114,10,52436,0,0,-18.12175178527832,1.0
10114,10,52436,0,36,-13.167075157165527,0.9844835069444444
10114,10,52436,0,60,-15.840375900268555,0.9947916666666666
10114,10,52436,0,84,-6.072908878326416,0.9890407986111112
10114,10,52436,0,120,-5.163707733154297,1.0
10114,10,52436,0,180,-2.1887872219085693,1.0
10114,10,52436,0,270,-8.444055557250977,1.0
10114,10,52436,0,405,-8.425257682800293,1.0
10114,10,52436,0,729,-8.140131950378418,1.0
10114,10,52436,0,1050,-8.1776704788208,1.0
10115,11,53229,1,0,9.458677291870117,1.0
10115,11,53229,1,36,8.819709777832031,1.0
10115,11,53229,1,60,0.6308426856994629,0.9925130208333334
10115,11,53229,1,84,2.736604690551758,1.0
10115,11,53229,1,120,-1.3574424982070923,0.9978298611111112
10115,11,53229,1,180,-2.2022042274475098,1.0
10115,11,53229,1,270,-6.920616626739502,1.0
10115,11,53229,1,405,-7.829285144805908,1.0
10115,11,53229,1,729,-7.635247230529785,1.0
10115,11,53229,1,1050,-7.639092445373535,1.0
10115,7,51338,0,0,-21.367918014526367,1.0
10115,7,51338,0,36,-21.050203323364258,1.0
10115,7,51338,0,60,-15.512073516845703,1.0
10115,7,51338,0,84,-11.026623725891113,1.0
10115,7,51338,0,120,-2.188535451889038,1.0
10115,7,51338,0,180,-3.0743839740753174,1.0
10115,7,51338,0,270,-7.895098686218262,1.0
10115,7,51338,0,405,-7.856313228607178,1.0
10115,7,51338,0,729,-7.649678707122803,1.0
10115,7,51338,0,1050,-7.665367126464844,1.0
10116,1,54496,1,0,6.176235198974609,1.0
10116,1,54496,1,36,6.226319789886475,1.0
10116,1,54496,1,60,1.1034355163574219,1.0
10116,1,54496,1,84,3.018439769744873,0.9983723958333334
10116,1,54496,1,120,0.12889552116394043,1.0
10116,1,54496,1,180,-1.773211121559143,1.0
10116,1,54496,1,270,-5.912943363189697,1.0
10116,1,54496,1,405,-8.784505844116211,1.0
10116,1,54496,1,729,-8.435580253601074,1.0
10116,1,54496,1,1050,-8.364013671875,1.0
10116,5,51255,0,0,-13.925142288208008,1.0
10116,5,51255,0,36,-24.43808364868164,0.9925130208333334
10116,5,51255,0,60,-11.256498336791992,0.9932725694444444
10116,5,51255,0,84,-6.698927879333496,0.9913194444444444
10116,5,51255,0,120,-5.2264862060546875,1.0
10116,5,51255,0,180,-3.033053398132324,1.0
10116,5,51255,0,270,-7.14130973815918,1.0
10116,5,51255,0,405,-8.231522560119629,1.0
10116,5,51255,0,729,-8.395613670349121,1.0
10116,5,51255,0,1050,-8.423330307006836,1.0
10117,1,53023,1,0,15.403019905090332,1.0
10117,1,53023,1,36,15.180733680725098,0.9914279513888888
10117,1,53023,1,60,8.772470474243164,0.9959852430555556
10117,1,53023,1,84,8.016357421875,1.0
10117,1,53023,1,120,0.8772068023681641,1.0
10117,1,53023,1,180,-0.9964438676834106,1.0
10117,1,53023,1,270,-8.27334976196289,1.0
10117,1,53023,1,405,-9.11983585357666,1.0
10117,1,53023,1,729,-8.864020347595215,1.0
10117,1,53023,1,1050,-8.881088256835938,1.0
10117,2,53379,0,0,-11.071282386779785,1.0
10117,2,53379,0,36,-9.82377815246582,0.9934895833333334
10117,2,53379,0,60,-4.429957866668701,0.9944661458333334
10117,2,53379,0,84,-4.042688369750977,1.0
10117,2,53379,0,120,-3.4963221549987793,1.0
10117,2,53379,0,180,-3.625887870788574,1.0
10117,2,53379,0,270,-9.099043846130371,1.0
10117,2,53379,0,405,-9.139883995056152,1.0
10117,2,53379,0,729,-8.865059852600098,1.0
10117,2,53379,0,1050,-8.87299633026123,1.0
10118,4,53660,1,0,10.687920570373535,1.0
10118,4,53660,1,36,10.044589042663574,1.0
10118,4,53660,1,60,3.2315330505371094,0.99609375
10118,4,53660,1,84,2.592010736465454,1.0
10118,4,53660,1,120,0.6756868362426758,1.0
10118,4,53660,1,180,-1.2017767429351807,1.0
10118,4,53660,1,270,-6.777165412902832,1.0
10118,4,53660,1,405,-7.25622034072876,1.0
10118,4,53660,1,729,-7.047954082489014,1.0
10118,4,53660,1,1050,-7.039363861083984,1.0
10118,0,53938,0,0,-8.991299629211426,1.0
10118,0,53938,0,36,-10.519305229187012,0.9919704861111112
10118,0,53938,0,60,-9.149703025817871,0.9944661458333334
10118,0,53938,0,84,-0.6930902004241943,0.9889322916666666
10118,0,53938,0,120,-1.7245534658432007,1.0
10118,0,53938,0,180,-3.944364309310913,1.0
10118,0,53938,0,270,-7.342660427093506,1.0
10118,0,53938,0,405,-7.229099273681641,1.0
10118,0,53938,0,729,-7.054198265075684,1.0
10118,0,53938,0,1050,-7.037126064300537,1.0
10119,10,50084,1,0,8.928884506225586,1.0
10119,10,50084,1,36,7.520826816558838,1.0
10119,10,50084,1,60,2.6142845153808594,1.0
10119,10,50084,1,84,2.56316876411438,0.9975043402777778
10119,10,50084,1,120,0.19004559516906738,1.0
10119,10,50084,1,180,-1.8883769512176514,1.0
10119,10,50084,1,270,-6.896683692932129,1.0
10119,10,50084,1,405,-8.371084213256836,1.0
10119,10,50084,1,729,-8.106563568115234,1.0
10119,10,50084,1,1050,-8.094029426574707,1.0
10119,7,53392,0,0,-16.573251724243164,1.0
10119,7,53392,0,36,-16.238481521606445,1.0
10119,7,53392,0,60,-13.535311698913574,1.0
10119,7,53392,0,84,-10.982437133789062,0.9970703125
10119,7,53392,0,120,-3.999230146408081,1.0
10119,7,53392,0,180,-2.9086127281188965,1.0
10119,7,53392,0,270,-8.428594589233398,1.0
10119,7,53392,0,405,-8.243324279785156,1.0
10119,7,53392,0,729,-8.117639541625977,1.0
10119,7,53392,0,1050,-8.11916446685791,1.0
10120,2,51520,1,0,20.325157165527344,1.0
10120,2,51520,1,36,18.03740882873535,0.9921875
10120,2,51520,1,60,9.462503433227539,0.9947916666666666
10120,2,51520,1,84,6.9274468421936035,0.9977213541666666
10120,2,51520,1,120,0.19014990329742432,1.0
10120,2,51520,1,180,-3.24027156829834,1.0
10120,2,51520,1,270,-9.99730396270752,1.0
10120,2,51520,1,405,-9.892044067382812,1.0
10120,2,51520,1,729,-9.479738235473633,1.0
10120,2,51520,1,1050,-9.498876571655273,1.0
10120,1,53125,0,0,-23.099407196044922,1.0
10120,1,53125,0,36,-16.370559692382812,0.9928385416666666
10120,1,53125,0,60,-16.543407440185547,1.0
10120,1,53125,0,84,-12.154561996459961,1.0
10120,1,53125,0,120,-4.647649765014648,1.0
10120,1,53125,0,180,-3.823397397994995,1.0
10120,1,53125,0,270,-9.874963760375977,1.0
10120,1,53125,0,405,-9.911844253540039,1.0
10120,1,53125,0,729,-9.581295013427734,1.0
10120,1,53125,0,1050,-9.480490684509277,1.0
10121,1,52780,1,0,6.195220947265625,1.0
10121,1,52780,1,36,4.843326568603516,0.9929470486111112
10121,1,52780,1,60,6.623285293579102,1.0
10121,1,52780,1,84,0.870651364326477,1.0
10121,1,52780,1,120,-1.2938843965530396,1.0
10121,1,52780,1,180,-4.663773536682129,1.0
10121,1,52780,1,270,-8.238530158996582,1.0
10121,1,52780,1,405,-8.043530464172363,1.0
10121,1,52780,1,729,-7.903216361999512,1.0
10121,1,52780,1,1050,-7.877087116241455,1.0
10121,3,53674,0,0,-10.000286102294922,1.0
10121,3,53674,0,36,-6.380287170410156,0.9929470486111112
10121,3,53674,0,60,-10.831783294677734,1.0
10121,3,53674,0,84,-6.546232223510742,1.0
10121,3,53674,0,120,-3.629819869995117,1.0
10121,3,53674,0,180,-3.6814589500427246,1.0
10121,3,53674,0,270,-8.281386375427246,1.0
10121,3,53674,0,405,-8.200742721557617,1.0
10121,3,53674,0,729,-7.8925461769104,1.0
10121,3,53674,0,1050,-7.861471176147461,1.0
10122,6,51340,1,0,12.65664291381836,1.0
10122,6,51340,1,36,9.147710800170898,0.9924045138888888
10122,6,51340,1,60,6.567631244659424,1.0
10122,6,51340,1,84,4.719427108764648,0.9973958333333334
10122,6,51340,1,120,1.361472249031067,1.0
10122,6,51340,1,180,0.8531240224838257,1.0
10122,6,51340,1,270,-8.630395889282227,1.0
10122,6,51340,1,405,-8.654090881347656,1.0
10122,6,51340,1,729,-8.422767639160156,1.0
10122,6,51340,1,1050,-8.4378080368042,1.0
10122,9,51094,0,0,-17.014156341552734,1.0
10122,9,51094,0,36,-14.69281005859375,1.0
10122,9,51094,0,60,-8.362850189208984,1.0
10122,9,51094,0,84,-5.889684677124023,1.0
10122,9,51094,0,120,-2.029007911682129,1.0
10122,9,51094,0,180,-1.9192557334899902,1.0
10122,9,51094,0,270,-8.819351196289062,1.0
10122,9,51094,0,405,-8.611574172973633,1.0
10122,9,51094,0,729,-8.459287643432617,1.0
10122,9,51094,0,1050,-8.429404258728027,1.0
10123,7,51613,1,0,11.731443405151367,1.0
10123,7,51613,1,36,10.636743545532227,0.9929470486111112
10123,7,51613,1,60,7.449197769165039,1.0
10123,7,51613,1,84,4.115789413452148,1.0
10123,7,51613,1,120,1.2711145877838135,0.9973958333333334
10123,7,51613,1,180,-1.6899802684783936,1.0
10123,7,51613,1,270,-8.280179023742676,1.0
10123,7,51613,1,405,-8.161914825439453,1.0
10123,7,51613,1,729,-7.9215874671936035,1.0
10123,7,51613,1,1050,-7.891849040985107,1.0
10123,8,50589,0,0,-22.059490203857422,1.0
10123,8,50589,0,36,-17.141605377197266,0.9919704861111112
10123,8,50589,0,60,-8.731602668762207,0.9959852430555556
10123,8,50589,0,84,-5.571764945983887,1.0
10123,8,50589,0,120,-4.004422187805176,1.0
10123,8,50589,0,180,-3.198821783065796,1.0
10123,8,50589,0,270,-8.259641647338867,1.0
10123,8,50589,0,405,-8.115489959716797,1.0
10123,8,50589,0,729,-7.912023544311523,1.0
10123,8,50589,0,1050,-7.91511344909668,1.0
10124,0,51689,1,0,7.256910800933838,1.0
10124,0,51689,1,36,7.186125755310059,1.0
10124,0,51689,1,60,3.201093912124634,0.9959852430555556
10124,0,51689,1,84,3.904358148574829,0.9930555555555556
10124,0,51689,1,120,-0.9988897442817688,1.0
10124,0,51689,1,180,-2.443528890609741,1.0
10124,0,51689,1,270,-8.511272430419922,1.0
10124,0,51689,1,405,-8.322074890136719,1.0
10124,0,51689,1,729,-8.163040161132812,1.0
10124,0,51689,1,1050,-8.1453857421875,1.0
10124,2,54366,0,0,-25.877452850341797,1.0
10124,2,54366,0,36,-8.75370979309082,0.9838324652777778
10124,2,54366,0,60,-12.332551956176758,1.0
10124,2,54366,0,84,-8.665873527526855,0.9986979166666666
10124,2,54366,0,120,-3.9290823936462402,1.0
10124,2,54366,0,180,-2.663860321044922,1.0
10124,2,54366,0,270,-8.326497077941895,1.0
10124,2,54366,0,405,-8.262113571166992,1.0
10124,2,54366,0,729,-8.143481254577637,1.0
10124,2,54366,0,1050,-8.152531623840332,1.0
10125,6,52210,1,0,1.5114550590515137,1.0
10125,6,52210,1,36,-8.850032806396484,0.9896918402777778
10125,6,52210,1,60,1.4025676250457764,1.0
10125,6,52210,1,84,-2.421718120574951,1.0
10125,6,52210,1,120,-2.3235020637512207,1.0
10125,6,52210,1,180,-5.375576972961426,1.0
10125,6,52210,1,270,-7.924821853637695,1.0
10125,6,52210,1,405,-7.806186676025391,1.0
10125,6,52210,1,729,-7.646530628204346,1.0
10125,6,52210,1,1050,-7.674297332763672,1.0
10125,1,53348,0,0,-8.797443389892578,1.0
10125,1,53348,0,36,-11.079292297363281,1.0
10125,1,53348,0,60,-7.478413105010986,1.0
10125,1,53348,0,84,-1.5268000364303589,1.0
10125,1,53348,0,120,-3.6551601886749268,1.0
10125,1,53348,0,180,-3.5950329303741455,1.0
10125,1,53348,0,270,-7.9778361320495605,1.0
10125,1,53348,0,405,-7.929434776306152,1.0
10125,1,53348,0,729,-7.6605939865112305,1.0
10125,1,53348,0,1050,-7.680270671844482,1.0
10126,8,50938,1,0,10.635412216186523,1.0
10126,8,50938,1,36,6.599078178405762,0.9839409722222222
10126,8,50938,1,60,2.713336706161499,0.986328125
10126,8,50938,1,84,5.622396469116211,0.9943576388888888
10126,8,50938,1,120,0.2769148349761963,1.0
10126,8,50938,1,180,-1.3629812002182007,1.0
10126,8,50938,1,270,-7.5491862297058105,1.0
10126,8,50938,1,405,-8.65512752532959,1.0
10126,8,50938,1,729,-8.392011642456055,1.0
10126,8,50938,1,1050,-8.398612976074219,1.0
10126,6,50521,0,0,-6.870851993560791,1.0
10126,6,50521,0,36,-10.959277153015137,0.9839409722222222
10126,6,50521,0,60,-7.399775981903076,1.0
10126,6,50521,0,84,-1.4405758380889893,0.9943576388888888
10126,6,50521,0,120,-1.7604259252548218,1.0
10126,6,50521,0,180,-3.074472188949585,1.0
10126,6,50521,0,270,-7.921299934387207,1.0
10126,6,50521,0,405,-7.871176242828369,1.0
10126,6,50521,0,729,-8.413165092468262,1.0
10126,6,50521,0,1050,-8.375638961791992,1.0
10127,4,51477,1,0,6.976217269897461,1.0
10127,4,51477,1,36,1.034348487854004,0.9922960069444444
10127,4,51477,1,60,3.6439456939697266,1.0
10127,4,51477,1,84,1.3446863889694214,0.9977213541666666
10127,4,51477,1,120,-1.4239420890808105,0.9984809027777778
10127,4,51477,1,180,-1.9851646423339844,1.0
10127,4,51477,1,270,-9.122730255126953,1.0
10127,4,51477,1,405,-9.087865829467773,1.0
10127,4,51477,1,729,-8.854289054870605,1.0
10127,4,51477,1,1050,-8.8783597946167,1.0
10127,11,50190,0,0,-6.522058486938477,1.0
10127,11,50190,0,36,-0.7470097541809082,0.9895833333333334
10127,11,50190,0,60,-0.3306574821472168,1.0
10127,11,50190,0,84,-4.571469306945801,1.0
10127,11,50190,0,120,-4.18100643157959,1.0
10127,11,50190,0,180,-3.0100083351135254,1.0
10127,11,50190,0,270,-9.128211975097656,1.0
10127,11,50190,0,405,-9.047578811645508,1.0
10127,11,50190,0,729,-8.876726150512695,1.0
10127,11,50190,0,1050,-8.89391803741455,1.0
10128,9,51266,1,0,9.051301002502441,1.0
10128,9,51266,1,36,8.783804893493652,1.0
10128,9,51266,1,60,3.1262662410736084,0.9957682291666666
10128,9,51266,1,84,1.5146112442016602,1.0
10128,9,51266,1,120,-2.164375066757202,1.0
10128,9,51266,1,180,-4.298305511474609,1.0
10128,9,51266,1,270,-7.285252094268799,1.0
10128,9,51266,1,405,-7.218148708343506,1.0
10128,9,51266,1,729,-7.04327392578125,1.0
10128,9,51266,1,1050,-7.022202968597412,1.0
10128,4,53352,0,0,-16.6286678314209,1.0
10128,4,53352,0,36,-16.749238967895508,1.0
10128,4,53352,0,60,-10.478715896606445,1.0
10128,4,53352,0,84,-6.110348701477051,0.9900173611111112
10128,4,53352,0,120,-2.397904872894287,1.0
10128,4,53352,0,180,-1.7244081497192383,1.0
10128,4,53352,0,270,-7.432244777679443,1.0
10128,4,53352,0,405,-7.2625603675842285,1.0
10128,4,53352,0,729,-7.041760444641113,1.0
10128,4,53352,0,1050,-7.034348487854004,1.0
10129,7,54575,1,0,15.134880065917969,1.0
10129,7,54575,1,36,14.484228134155273,1.0
10129,7,54575,1,60,8.003293991088867,1.0
10129,7,54575,1,84,6.048130035400391,1.0
10129,7,54575,1,120,-1.6450543403625488,0.998046875
10129,7,54575,1,180,-1.5293768644332886,1.0
10129,7,54575,1,270,-7.995964050292969,1.0
10129,7,54575,1,405,-8.675517082214355,1.0
10129,7,54575,1,729,-8.182892799377441,1.0
10129,7,54575,1,1050,-8.168975830078125,1.0
10129,8,54603,0,0,-13.376601219177246,1.0
10129,8,54603,0,36,-13.44726276397705,1.0
10129,8,54603,0,60,-9.84022331237793,1.0
10129,8,54603,0,84,-5.864866733551025,0.9986979166666666
10129,8,54603,0,120,-4.465634346008301,1.0
10129,8,54603,0,180,-2.9448208808898926,1.0
10129,8,54603,0,270,-7.918633937835693,1.0
10129,8,54603,0,405,-8.368760108947754,1.0
10129,8,54603,0,729,-8.158346176147461,1.0
10129,8,54603,0,1050,-8.144157409667969,1.0
10130,2,52526,1,0,18.163768768310547,1.0
10130,2,52526,1,36,17.645143508911133,1.0
10130,2,52526,1,60,4.379362106323242,0.9898003472222222
10130,2,52526,1,84,6.1555047035217285,0.9978298611111112
10130,2,52526,1,120,1.8703341484069824,0.9997829861111112
10130,2,52526,1,180,-2.4181928634643555,1.0
10130,2,52526,1,270,-9.988149642944336,1.0
10130,2,52526,1,405,-9.897493362426758,1.0
10130,2,52526,1,729,-9.480203628540039,1.0
10130,2,52526,1,1050,-9.495838165283203,1.0
10130,0,53609,0,0,-16.67717933654785,1.0
10130,0,53609,0,36,-13.685798645019531,1.0
10130,0,53609,0,60,-10.811470031738281,1.0
10130,0,53609,0,84,-5.432747840881348,0.9925130208333334
10130,0,53609,0,120,-5.66734504699707,1.0
10130,0,53609,0,180,-4.437917709350586,1.0
10130,0,53609,0,270,-9.861330032348633,1.0
10130,0,53609,0,405,-10.013442993164062,1.0
10130,0,53609,0,729,-9.48083209991455,1.0
10130,0,53609,0,1050,-9.484964370727539,0.9561631944444444
10131,7,53341,1,0,8.015233993530273,1.0
10131,7,53341,1,36,7.452747344970703,1.0
10131,7,53341,1,60,5.925257205963135,1.0
10131,7,53341,1,84,4.265349388122559,1.0
10131,7,53341,1,120,1.0753271579742432,1.0
10131,7,53341,1,180,-2.355363607406616,1.0
10131,7,53341,1,270,-8.080587387084961,1.0
10131,7,53341,1,405,-8.225690841674805,1.0
10131,7,53341,1,729,-7.890079021453857,1.0
10131,7,53341,1,1050,-7.9301652908325195,1.0
10131,5,52351,0,0,-14.463661193847656,1.0
10131,5,52351,0,36,-12.212648391723633,0.990234375
10131,5,52351,0,60,-6.239252090454102,0.9957682291666666
10131,5,52351,0,84,-6.7995500564575195,0.9889322916666666
10131,5,52351,0,120,-3.4948513507843018,1.0
10131,5,52351,0,180,-1.980912685394287,1.0
10131,5,52351,0,270,-7.874243259429932,1.0
10131,5,52351,0,405,-8.13101863861084,1.0
10131,5,52351,0,729,-7.884610176086426,1.0
10131,5,52351,0,1050,-7.8643999099731445,1.0
10132,5,50575,1,0,12.845600128173828,1.0
10132,5,50575,1,36,11.2265625,1.0
10132,5,50575,1,60,10.966182708740234,1.0
10132,5,50575,1,84,5.027054786682129,1.0
10132,5,50575,1,120,0.9739043712615967,1.0
10132,5,50575,1,180,-0.6288374066352844,1.0
10132,5,50575,1,270,-8.75299072265625,1.0
10132,5,50575,1,405,-8.695079803466797,1.0
10132,5,50575,1,729,-8.423208236694336,1.0
10132,5,50575,1,1050,-8.399251937866211,1.0
10132,0,50660,0,0,-9.856319427490234,1.0
10132,0,50660,0,36,4.013474464416504,0.9896918402777778
10132,0,50660,0,60,-4.429009437561035,1.0
10132,0,50660,0,84,-6.328126907348633,0.9943576388888888
10132,0,50660,0,120,-3.7729415893554688,1.0
10132,0,50660,0,180,-3.1588568687438965,1.0
10132,0,50660,0,270,-7.559072971343994,1.0
10132,0,50660,0,405,-8.682567596435547,1.0
10132,0,50660,0,729,-8.414628028869629,1.0
10132,0,50660,0,1050,-8.400873184204102,1.0
10133,2,53365,1,0,12.532449722290039,1.0
10133,2,53365,1,36,13.831134796142578,1.0
10133,2,53365,1,60,6.7119526863098145,0.9956597222222222
10133,2,53365,1,84,4.681954383850098,1.0
10133,2,53365,1,120,-1.3770028352737427,1.0
10133,2,53365,1,180,-2.2612462043762207,1.0
10133,2,53365,1,270,-7.735327243804932,1.0
10133,2,53365,1,405,-8.226097106933594,1.0
10133,2,53365,1,729,-7.92125940322876,1.0
10133,2,53365,1,1050,-7.9007110595703125,1.0
10133,8,51704,0,0,-15.194469451904297,1.0
10133,8,51704,0,36,-16.96275520324707,0.9844835069444444
10133,8,51704,0,60,-8.755288124084473,0.9955512152777778
10133,8,51704,0,84,-11.156411170959473,1.0
10133,8,51704,0,120,-4.871975421905518,1.0
10133,8,51704,0,180,-3.3880186080932617,1.0
10133,8,51704,0,270,-8.183394432067871,1.0
10133,8,51704,0,405,-8.061631202697754,1.0
10133,8,51704,0,729,-7.911410808563232,1.0
10133,8,51704,0,1050,-7.926276206970215,1.0
10134,8,52652,1,0,19.431232452392578,1.0
10134,8,52652,1,36,15.244512557983398,0.9906684027777778
10134,8,52652,1,60,12.519628524780273,1.0
10134,8,52652,1,84,9.643529891967773,1.0
10134,8,52652,1,120,4.400897026062012,1.0
10134,8,52652,1,180,-1.8768243789672852,1.0
10134,8,52652,1,270,-6.951632976531982,1.0
10134,8,52652,1,405,-7.9997711181640625,1.0
10134,8,52652,1,729,-8.199273109436035,1.0
10134,8,52652,1,1050,-8.132843971252441,1.0
10134,10,50988,0,0,-36.43470764160156,1.0
10134,10,50988,0,36,-28.7047119140625,1.0
10134,10,50988,0,60,-27.65267562866211,1.0
10134,10,50988,0,84,-13.337194442749023,1.0
10134,10,50988,0,120,-3.913750648498535,1.0
10134,10,50988,0,180,-2.030352830886841,1.0
10134,10,50988,0,270,-7.3466339111328125,1.0
10134,10,50988,0,405,-8.281618118286133,1.0
10134,10,50988,0,729,-8.143872261047363,1.0
10134,10,50988,0,1050,-8.1397705078125,0.9973958333333334
10135,6,52264,1,0,15.995780944824219,1.0
10135,6,52264,1,36,15.929299354553223,1.0
10135,6,52264,1,60,5.443228244781494,0.9954427083333334
10135,6,52264,1,84,6.901088714599609,0.9986979166666666
10135,6,52264,1,120,1.27531898021698,1.0
10135,6,52264,1,180,-1.8543274402618408,1.0
10135,6,52264,1,270,-7.886152744293213,1.0
10135,6,52264,1,405,-7.988211631774902,1.0
10135,6,52264,1,729,-7.633524417877197,1.0
10135,6,52264,1,1050,-7.645211219787598,1.0
10135,5,53809,0,0,-21.782142639160156,1.0
10135,5,53809,0,36,-21.49262237548828,1.0
10135,5,53809,0,60,-17.779041290283203,0.9928385416666666
10135,5,53809,0,84,-6.92588996887207,0.9976128472222222
10135,5,53809,0,120,-2.454641342163086,1.0
10135,5,53809,0,180,-3.1479673385620117,1.0
10135,5,53809,0,270,-7.640227317810059,1.0
10135,5,53809,0,405,-7.8042893409729,1.0
10135,5,53809,0,729,-7.634903907775879,1.0
10135,5,53809,0,1050,-7.630757808685303,1.0
10136,4,52502,1,0,8.821765899658203,1.0
10136,4,52502,1,36,7.259800434112549,0.9907769097222222
10136,4,52502,1,60,5.008537292480469,0.9956597222222222
10136,4,52502,1,84,3.898125171661377,0.9887152777777778
10136,4,52502,1,120,0.5818469524383545,1.0
10136,4,52502,1,180,-1.0463473796844482,1.0
10136,4,52502,1,270,-6.724847793579102,1.0
10136,4,52502,1,405,-8.675322532653809,1.0
10136,4,52502,1,729,-8.395435333251953,1.0
10136,4,52502,1,1050,-8.377945899963379,1.0
10136,11,52702,0,0,-21.244962692260742,1.0
10136,11,52702,0,36,-23.39699935913086,0.9922960069444444
10136,11,52702,0,60,-15.864055633544922,1.0
10136,11,52702,0,84,-6.983635425567627,0.9950086805555556
10136,11,52702,0,120,-3.2025516033172607,1.0
10136,11,52702,0,180,-4.288514137268066,1.0
10136,11,52702,0,270,-9.001363754272461,1.0
10136,11,52702,0,405,-8.819459915161133,1.0
10136,11,52702,0,729,-8.456664085388184,1.0
10136,11,52702,0,1050,-8.385167121887207,1.0
10137,5,51765,1,0,13.140373229980469,1.0
10137,5,51765,1,36,14.003393173217773,1.0
10137,5,51765,1,60,3.3796143531799316,0.9957682291666666
10137,5,51765,1,84,9.332947731018066,1.0
10137,5,51765,1,120,-0.07865011692047119,1.0
10137,5,51765,1,180,-1.5784552097320557,1.0
10137,5,51765,1,270,-9.218734741210938,1.0
10137,5,51765,1,405,-9.028351783752441,1.0
10137,5,51765,1,729,-8.86306381225586,1.0
10137,5,51765,1,1050,-8.888280868530273,1.0
10137,10,51587,0,0,-30.714874267578125,1.0
10137,10,51587,0,36,-29.038925170898438,1.0
10137,10,51587,0,60,-21.926952362060547,1.0
10137,10,51587,0,84,-13.782517433166504,1.0
10137,10,51587,0,120,-3.722970485687256,1.0
10137,10,51587,0,180,-2.9468302726745605,1.0
10137,10,51587,0,270,-9.18366813659668,1.0
10137,10,51587,0,405,-8.997916221618652,1.0
10137,10,51587,0,729,-8.886159896850586,1.0
10137,10,51587,0,1050,-8.884913444519043,1.0
10138,2,54958,1,0,10.95072078704834,1.0
10138,2,54958,1,36,10.644214630126953,1.0
10138,2,54958,1,60,4.12534236907959,1.0
10138,2,54958,1,84,1.4580304622650146,0.9951171875
10138,2,54958,1,120,0.6660442352294922,1.0
10138,2,54958,1,180,-0.4991998076438904,1.0
10138,2,54958,1,270,-7.296703815460205,1.0
10138,2,54958,1,405,-7.197512626647949,1.0
10138,2,54958,1,729,-7.064357280731201,1.0
10138,2,54958,1,1050,-7.015891075134277,1.0
10138,4,50744,0,0,-19.93968391418457,1.0
10138,4,50744,0,36,-20.059843063354492,1.0
10138,4,50744,0,60,-19.835498809814453,1.0
10138,4,50744,0,84,-13.222286224365234,1.0
10138,4,50744,0,120,-5.042174816131592,1.0
10138,4,50744,0,180,-1.726046085357666,1.0
10138,4,50744,0,270,-3.8657798767089844,1.0
10138,4,50744,0,405,-7.275114059448242,1.0
10138,4,50744,0,729,-7.015286922454834,1.0
10138,4,50744,0,1050,-7.061017990112305,1.0
10139,0,54850,1,0,1.6568427085876465,1.0
10139,0,54850,1,36,-3.191702365875244,0.9899088541666666
10139,0,54850,1,60,-2.9938952922821045,0.98828125
10139,0,54850,1,84,-0.6969475746154785,0.9984809027777778
10139,0,54850,1,120,-4.782532215118408,1.0
10139,0,54850,1,180,-7.051052093505859,1.0
10139,0,54850,1,270,-8.427241325378418,1.0
10139,0,54850,1,405,-8.27998161315918,1.0
10139,0,54850,1,729,-8.140081405639648,1.0
10139,0,54850,1,1050,-8.144621849060059,1.0
10139,8,51810,0,0,-28.428409576416016,1.0
10139,8,51810,0,36,-26.955795288085938,1.0
10139,8,51810,0,60,-27.530696868896484,0.9946831597222222
10139,8,51810,0,84,-13.935184478759766,0.9983723958333334
10139,8,51810,0,120,-5.427227973937988,1.0
10139,8,51810,0,180,-3.547431707382202,1.0
10139,8,51810,0,270,-8.483163833618164,1.0
10139,8,51810,0,405,-8.28395938873291,1.0
10139,8,51810,0,729,-8.123942375183105,1.0
10139,8,51810,0,1050,-8.127330780029297,1.0
10140,4,52831,1,0,17.517276763916016,1.0
10140,4,52831,1,36,13.975208282470703,0.9925130208333334
10140,4,52831,1,60,6.993513107299805,0.9955512152777778
10140,4,52831,1,84,3.29758358001709,1.0
10140,4,52831,1,120,-2.488388776779175,1.0
10140,4,52831,1,180,-1.9030935764312744,1.0
10140,4,52831,1,270,-10.028441429138184,1.0
10140,4,52831,1,405,-9.86185073852539,1.0
10140,4,52831,1,729,-9.491004943847656,1.0
10140,4,52831,1,1050,-9.521079063415527,1.0
10140,1,54382,0,0,-12.182670593261719,1.0
10140,1,54382,0,36,-11.43078327178955,1.0
10140,1,54382,0,60,-2.699002504348755,0.9901258680555556
10140,1,54382,0,84,-3.8800246715545654,1.0
10140,1,54382,0,120,-5.846345901489258,1.0
10140,1,54382,0,180,-3.876452922821045,1.0
10140,1,54382,0,270,-9.862068176269531,1.0
10140,1,54382,0,405,-9.762884140014648,1.0
10140,1,54382,0,729,-9.523971557617188,1.0
10140,1,54382,0,1050,-9.497886657714844,1.0
10141,3,52916,1,0,6.438860893249512,1.0
10141,3,52916,1,36,6.630717754364014,1.0
10141,3,52916,1,60,3.207394599914551,1.0
10141,3,52916,1,84,1.985550880432129,1.0
10141,3,52916,1,120,-1.3398971557617188,1.0
10141,3,52916,1,180,-3.1049511432647705,1.0
10141,3,52916,1,270,-8.125733375549316,1.0
10141,3,52916,1,405,-8.16757869720459,1.0
10141,3,52916,1,729,-7.877322196960449,1.0
10141,3,52916,1,1050,-7.879924774169922,1.0
10141,9,54643,0,0,-8.546111106872559,1.0
10141,9,54643,0,36,-7.364872455596924,0.9919704861111112
10141,9,54643,0,60,-8.763043403625488,1.0
10141,9,54643,0,84,-3.3717663288116455,0.9890407986111112
10141,9,54643,0,120,-4.686944007873535,1.0
10141,9,54643,0,180,-2.905111312866211,1.0
10141,9,54643,0,270,-8.116458892822266,1.0
10141,9,54643,0,405,-8.177295684814453,1.0
10141,9,54643,0,729,-7.896623134613037,1.0
10141,9,54643,0,1050,-7.87575626373291,1.0
10142,9,52784,1,0,14.026532173156738,1.0
10142,9,52784,1,36,11.823486328125,0.9909939236111112
10142,9,52784,1,60,9.076168060302734,1.0
10142,9,52784,1,84,-2.1472699642181396,0.9905598958333334
10142,9,52784,1,120,1.1972068548202515,1.0
10142,9,52784,1,180,-1.2152670621871948,1.0
10142,9,52784,1,270,-8.967464447021484,1.0
10142,9,52784,1,405,-8.696139335632324,1.0
10142,9,52784,1,729,-8.443740844726562,1.0
10142,9,52784,1,1050,-8.387331008911133,1.0
10142,3,51260,0,0,-13.411953926086426,1.0
10142,3,51260,0,36,-10.881765365600586,1.0
10142,3,51260,0,60,-2.9242241382598877,0.9951171875
10142,3,51260,0,84,-5.495978355407715,1.0
10142,3,51260,0,120,-2.4004549980163574,1.0
10142,3,51260,0,180,-2.7709407806396484,1.0
10142,3,51260,0,270,-8.821004867553711,1.0
10142,3,51260,0,405,-8.638056755065918,1.0
10142,3,51260,0,729,-8.39669132232666,1.0
10142,3,51260,0,1050,-8.414910316467285,1.0
10143,1,51635,1,0,15.990891456604004,1.0
10143,1,51635,1,36,9.282323837280273,1.0
10143,1,51635,1,60,9.017457962036133,1.0
10143,1,51635,1,84,5.078881740570068,1.0
10143,1,51635,1,120,0.20709800720214844,1.0
10143,1,51635,1,180,-1.9603757858276367,1.0
10143,1,51635,1,270,-7.570945739746094,1.0
10143,1,51635,1,405,-8.112338066101074,1.0
10143,1,51635,1,729,-7.941005229949951,1.0
10143,1,51635,1,1050,-7.878635406494141,1.0
10143,4,53921,0,0,-12.877737045288086,1.0
10143,4,53921,0,36,-13.245892524719238,1.0
10143,4,53921,0,60,-12.362837791442871,1.0
10143,4,53921,0,84,-8.176347732543945,1.0
10143,4,53921,0,120,-5.275584697723389,1.0
10143,4,53921,0,180,-4.1522908210754395,1.0
10143,4,53921,0,270,-8.220453262329102,1.0
10143,4,53921,0,405,-8.191265106201172,1.0
10143,4,53921,0,729,-7.906931400299072,1.0
10143,4,53921,0,1050,-7.872601509094238,1.0
10144,5,50948,1,0,14.489086151123047,1.0
10144,5,50948,1,36,13.98737907409668,1.0
10144,5,50948,1,60,11.9059419631958,0.9946831597222222
10144,5,50948,1,84,5.868636131286621,1.0
10144,5,50948,1,120,0.334458589553833,1.0
10144,5,50948,1,180,-1.166490077972412,1.0
10144,5,50948,1,270,-8.326685905456543,1.0
10144,5,50948,1,405,-8.404863357543945,1.0
10144,5,50948,1,729,-8.156801223754883,1.0
10144,5,50948,1,1050,-8.132389068603516,1.0
10144,11,52239,0,0,-14.14620590209961,1.0
10144,11,52239,0,36,-11.557573318481445,1.0
10144,11,52239,0,60,-7.244085311889648,0.99609375
10144,11,52239,0,84,-4.8719096183776855,0.9898003472222222
10144,11,52239,0,120,-3.254240036010742,1.0
10144,11,52239,0,180,-2.044074773788452,1.0
10144,11,52239,0,270,-7.817803382873535,1.0
10144,11,52239,0,405,-8.337440490722656,1.0
10144,11,52239,0,729,-8.13611888885498,1.0
10144,11,52239,0,1050,-8.13305377960205,1.0
10145,11,52452,1,0,3.784613609313965,1.0
10145,11,52452,1,36,3.839153289794922,1.0
10145,11,52452,1,60,2.2681665420532227,1.0
10145,11,52452,1,84,5.123100280761719,0.9898003472222222
10145,11,52452,1,120,-2.2012858390808105,1.0
10145,11,52452,1,180,-3.0687146186828613,1.0
10145,11,52452,1,270,-8.0208101272583,1.0
10145,11,52452,1,405,-7.928267002105713,1.0
10145,11,52452,1,729,-7.649605751037598,1.0
10145,11,52452,1,1050,-7.6691365242004395,0.9972873263888888
10145,3,51922,0,0,-19.8979549407959,1.0
10145,3,51922,0,36,-22.774707794189453,0.9906684027777778
10145,3,51922,0,60,-19.138221740722656,1.0
10145,3,51922,0,84,-9.904796600341797,1.0
10145,3,51922,0,120,-5.186813831329346,1.0
10145,3,51922,0,180,-2.626882553100586,1.0
10145,3,51922,0,270,-7.9452738761901855,1.0
10145,3,51922,0,405,-7.851200580596924,1.0
10145,3,51922,0,729,-7.63887357711792,1.0
10145,3,51922,0,1050,-7.6355509757995605,1.0
10146,1,53422,1,0,8.954435348510742,1.0
10146,1,53422,1,36,5.3494873046875,0.9842664930555556
10146,1,53422,1,60,4.264113426208496,1.0
10146,1,53422,1,84,3.679866075515747,1.0
10146,1,53422,1,120,-1.296125054359436,1.0
10146,1,53422,1,180,-3.2553627490997314,1.0
10146,1,53422,1,270,-8.742990493774414,1.0
10146,1,53422,1,405,-8.765582084655762,1.0
10146,1,53422,1,729,-8.394144058227539,1.0
10146,1,53422,1,1050,-8.424394607543945,1.0
10146,4,51798,0,0,-25.58390998840332,1.0
10146,4,51798,0,36,-25.980815887451172,1.0
10146,4,51798,0,60,-16.078691482543945,0.9947916666666666
10146,4,51798,0,84,-15.97831916809082,0.9986979166666666
10146,4,51798,0,120,-4.445592880249023,1.0
10146,4,51798,0,180,-4.044102668762207,1.0
10146,4,51798,0,270,-8.339898109436035,1.0
10146,4,51798,0,405,-8.856536865234375,1.0
10146,4,51798,0,729,-8.413162231445312,1.0
10146,4,51798,0,1050,-8.392631530761719,1.0
10147,10,54148,1,0,12.641608238220215,1.0
10147,10,54148,1,36,11.611391067504883,1.0
10147,10,54148,1,60,11.350788116455078,1.0
10147,10,54148,1,84,6.141902923583984,0.9913194444444444
10147,10,54148,1,120,2.653325319290161,1.0
10147,10,54148,1,180,-0.1170494556427002,1.0
10147,10,54148,1,270,-8.865814208984375,1.0
10147,10,54148,1,405,-9.14356517791748,1.0
10147,10,54148,1,729,-8.865266799926758,1.0
10147,10,54148,1,1050,-8.855255126953125,1.0
10147,0,54566,0,0,-25.72675323486328,1.0
10147,0,54566,0,36,-22.453622817993164,0.9929470486111112
10147,0,54566,0,60,-14.632871627807617,1.0
10147,0,54566,0,84,-9.609110832214355,1.0
10147,0,54566,0,120,-3.500816583633423,1.0
10147,0,54566,0,180,-2.804166316986084,1.0
10147,0,54566,0,270,-9.194997787475586,1.0
10147,0,54566,0,405,-9.079594612121582,1.0
10147,0,54566,0,729,-8.856176376342773,1.0
10147,0,54566,0,1050,-8.889259338378906,1.0
10148,7,50191,1,0,17.493839263916016,1.0
10148,7,50191,1,36,16.595417022705078,0.9934895833333334
10148,7,50191,1,60,5.100707054138184,0.9951171875
10148,7,50191,1,84,5.790137767791748,0.9976128472222222
10148,7,50191,1,120,2.1356329917907715,1.0
10148,7,50191,1,180,1.065739631652832,1.0
10148,7,50191,1,270,-5.911223411560059,1.0
10148,7,50191,1,405,-6.147345066070557,1.0
10148,7,50191,1,729,-7.0463995933532715,1.0
10148,7,50191,1,1050,-7.077593803405762,1.0
10148,2,54506,0,0,-21.786231994628906,1.0
10148,2,54506,0,36,-20.918001174926758,1.0
10148,2,54506,0,60,-16.031335830688477,1.0
10148,2,54506,0,84,-7.939599990844727,1.0
10148,2,54506,0,120,-5.0148234367370605,0.9997829861111112
10148,2,54506,0,180,-2.877603769302368,1.0
10148,2,54506,0,270,-7.427077293395996,1.0
10148,2,54506,0,405,-7.389617443084717,1.0
10148,2,54506,0,729,-7.023148059844971,1.0
10148,2,54506,0,1050,-7.049081802368164,1.0
10149,5,52770,1,0,1.0481500625610352,1.0
10149,5,52770,1,36,-0.24593162536621094,0.9921875
10149,5,52770,1,60,-1.083371639251709,1.0
10149,5,52770,1,84,-1.9247087240219116,0.9985894097222222
10149,5,52770,1,120,-3.1100916862487793,1.0
10149,5,52770,1,180,-2.6613001823425293,1.0
10149,5,52770,1,270,-8.385254859924316,1.0
10149,5,52770,1,405,-8.324084281921387,1.0
10149,5,52770,1,729,-8.15006160736084,1.0
10149,5,52770,1,1050,-8.118967056274414,1.0
10149,9,50131,0,0,-24.57925796508789,1.0
10149,9,50131,0,36,-21.684436798095703,1.0
10149,9,50131,0,60,-19.405193328857422,1.0
10149,9,50131,0,84,-12.676084518432617,1.0
10149,9,50131,0,120,-6.512499809265137,1.0
10149,9,50131,0,180,-3.0976672172546387,1.0
10149,9,50131,0,270,-8.45728874206543,1.0
10149,9,50131,0,405,-8.445565223693848,1.0
10149,9,50131,0,729,-8.111907005310059,1.0
10149,9,50131,0,1050,-8.112105369567871,1.0
10150,0,54010,1,0,14.704957008361816,1.0
10150,0,54010,1,36,13.026409149169922,1.0
10150,0,54010,1,60,4.375693321228027,1.0
10150,0,54010,1,84,4.001067638397217,1.0
10150,0,54010,1,120,-2.018659830093384,1.0
10150,0,54010,1,180,-2.607164144515991,1.0
10150,0,54010,1,270,-9.858335494995117,1.0
10150,0,54010,1,405,-9.8597412109375,1.0
10150,0,54010,1,729,-9.542860984802246,1.0
10150,0,54010,1,1050,-9.483417510986328,0.9995659722222222
10150,11,52009,0,0,-26.000545501708984,1.0
10150,11,52009,0,36,-26.35157012939453,0.9926215277777778
10150,11,52009,0,60,-17.598299026489258,1.0
10150,11,52009,0,84,-6.816980361938477,0.9958767361111112
10150,11,52009,0,120,-3.6400251388549805,1.0
10150,11,52009,0,180,-4.38575553894043,1.0
10150,11,52009,0,270,-9.928657531738281,1.0
10150,11,52009,0,405,-9.757400512695312,1.0
10150,11,52009,0,729,-9.496271133422852,1.0
10150,11,52009,0,1050,-9.497173309326172,1.0
10151,1,54094,1,0,9.819515228271484,1.0
10151,1,54094,1,36,10.698324203491211,1.0
10151,1,54094,1,60,4.459890365600586,0.9946831597222222
10151,1,54094,1,84,4.600899696350098,0.9891493055555556
10151,1,54094,1,120,0.11115384101867676,1.0
10151,1,54094,1,180,-1.858997106552124,1.0
10151,1,54094,1,270,-8.205869674682617,1.0
10151,1,54094,1,405,-8.120116233825684,1.0
10151,1,54094,1,729,-7.8972930908203125,1.0
10151,1,54094,1,1050,-7.9043755531311035,1.0
10151,11,53568,0,0,-25.31973648071289,1.0
10151,11,53568,0,36,-22.453937530517578,1.0
10151,11,53568,0,60,-8.297524452209473,1.0
10151,11,53568,0,84,-8.356487274169922,1.0
10151,11,53568,0,120,-5.191102027893066,1.0
10151,11,53568,0,180,-2.1282708644866943,1.0
10151,11,53568,0,270,-7.185882568359375,1.0
10151,11,53568,0,405,-7.685776233673096,1.0
10151,11,53568,0,729,-7.9081902503967285,1.0
10151,11,53568,0,1050,-7.8593549728393555,1.0
10152,4,54326,1,0,12.187962532043457,1.0
10152,4,54326,1,36,10.816665649414062,0.9836154513888888
10152,4,54326,1,60,3.9389190673828125,0.9959852430555556
10152,4,54326,1,84,4.366098403930664,0.9985894097222222
10152,4,54326,1,120,1.4368271827697754,1.0
10152,4,54326,1,180,0.11684823036193848,1.0
10152,4,54326,1,270,-8.726768493652344,1.0
10152,4,54326,1,405,-8.637675285339355,1.0
10152,4,54326,1,729,-8.408167839050293,1.0
10152,4,54326,1,1050,-8.421651840209961,1.0
10152,8,54683,0,0,-22.739473342895508,1.0
10152,8,54683,0,36,-23.297300338745117,1.0
10152,8,54683,0,60,-23.030025482177734,1.0
10152,8,54683,0,84,-14.19154167175293,1.0
10152,8,54683,0,120,-5.983466148376465,1.0
10152,8,54683,0,180,-6.8629865646362305,1.0
10152,8,54683,0,270,-9.224649429321289,1.0
10152,8,54683,0,405,-8.660942077636719,1.0
10152,8,54683,0,729,-8.419717788696289,1.0
10152,8,54683,0,1050,-8.428500175476074,1.0
10153,2,53542,1,0,8.725008964538574,1.0
10153,2,53542,1,36,8.360275268554688,0.9929470486111112
10153,2,53542,1,60,4.404915809631348,0.9881727430555556
10153,2,53542,1,84,-0.0032677650451660156,1.0
10153,2,53542,1,120,-1.4351282119750977,1.0
10153,2,53542,1,180,-2.8714189529418945,1.0
10153,2,53542,1,270,-8.147117614746094,1.0
10153,2,53542,1,405,-8.067095756530762,1.0
10153,2,53542,1,729,-7.946404933929443,1.0
10153,2,53542,1,1050,-7.903759956359863,1.0
10153,5,50552,0,0,-16.610794067382812,1.0
10153,5,50552,0,36,-16.081932067871094,1.0
10153,5,50552,0,60,-7.018094539642334,0.9904513888888888
10153,5,50552,0,84,-10.250530242919922,0.9912109375
10153,5,50552,0,120,-2.7054338455200195,1.0
10153,5,50552,0,180,-3.4280571937561035,1.0
10153,5,50552,0,270,-8.293201446533203,1.0
10153,5,50552,0,405,-8.153338432312012,1.0
10153,5,50552,0,729,-7.8746795654296875,1.0
10153,5,50552,0,1050,-7.885601997375488,1.0
10154,3,52734,1,0,7.780758380889893,1.0
10154,3,52734,1,36,8.272794723510742,1.0
10154,3,52734,1,60,4.249581336975098,1.0
10154,3,52734,1,84,4.500532150268555,1.0
10154,3,52734,1,120,-1.796996831893921,1.0
10154,3,52734,1,180,-2.2355446815490723,1.0
10154,3,52734,1,270,-8.7343111038208,1.0
10154,3,52734,1,405,-8.42908763885498,1.0
10154,3,52734,1,729,-8.138246536254883,1.0
10154,3,52734,1,1050,-8.17834758758545,1.0
10154,9,52031,0,0,-6.144175052642822,1.0
10154,9,52031,0,36,-3.9085841178894043,1.0
10154,9,52031,0,60,-4.451857089996338,1.0
10154,9,52031,0,84,-3.4130702018737793,0.9985894097222222
10154,9,52031,0,120,-2.4038331508636475,1.0
10154,9,52031,0,180,-8.603052139282227,1.0
10154,9,52031,0,270,-8.373486518859863,1.0
10154,9,52031,0,405,-8.295668601989746,1.0
10154,9,52031,0,729,-8.212554931640625,1.0
10154,9,52031,0,1050,-8.180325508117676,1.0
10155,0,54002,1,0,7.584018707275391,1.0
10155,0,54002,1,36,6.553351879119873,1.0
10155,0,54002,1,60,4.307141304016113,0.9943576388888888
10155,0,54002,1,84,1.3629264831542969,0.9976128472222222
10155,0,54002,1,120,1.8882629871368408,1.0
10155,0,54002,1,180,-1.9703752994537354,1.0
10155,0,54002,1,270,-7.821232795715332,1.0
10155,0,54002,1,405,-7.761477947235107,1.0
10155,0,54002,1,729,-7.646711349487305,1.0
10155,0,54002,1,1050,-7.653066635131836,1.0
10155,2,51696,0,0,-13.897106170654297,1.0
10155,2,51696,0,36,-14.106393814086914,1.0
10155,2,51696,0,60,-11.246838569641113,0.9931640625
10155,2,51696,0,84,-10.17115592956543,0.9979383680555556
10155,2,51696,0,120,-4.051990509033203,0.9998914930555556
10155,2,51696,0,180,-3.378152370452881,1.0
10155,2,51696,0,270,-6.741943359375,1.0
10155,2,51696,0,405,-7.698175430297852,1.0
10155,2,51696,0,729,-7.68336820602417,1.0
10155,2,51696,0,1050,-7.655568599700928,1.0
10156,0,53422,1,0,7.6335296630859375,1.0
10156,0,53422,1,36,8.692480087280273,1.0
10156,0,53422,1,60,4.594660758972168,0.99609375
10156,0,53422,1,84,-1.8668911457061768,1.0
10156,0,53422,1,120,-1.4341378211975098,1.0
10156,0,53422,1,180,-3.9718923568725586,1.0
10156,0,53422,1,270,-8.875999450683594,1.0
10156,0,53422,1,405,-8.757254600524902,1.0
10156,0,53422,1,729,-8.379268646240234,1.0
10156,0,53422,1,1050,-8.410876274108887,1.0
10156,6,53619,0,0,-20.34561538696289,1.0
10156,6,53619,0,36,-21.222583770751953,1.0
10156,6,53619,0,60,-21.663890838623047,1.0
10156,6,53619,0,84,-13.550006866455078,1.0
10156,6,53619,0,120,-7.4368085861206055,0.9975043402777778
10156,6,53619,0,180,-4.563424587249756,1.0
10156,6,53619,0,270,-8.827098846435547,1.0
10156,6,53619,0,405,-8.777320861816406,1.0
10156,6,53619,0,729,-8.391438484191895,1.0
10156,6,53619,0,1050,-8.41260051727295,1.0
10157,4,54256,1,0,6.6837077140808105,1.0
10157,4,54256,1,36,6.166110992431641,0.9932725694444444
10157,4,54256,1,60,2.4219486713409424,1.0
10157,4,54256,1,84,2.2929117679595947,1.0
10157,4,54256,1,120,0.7250220775604248,1.0
10157,4,54256,1,180,-3.600492477416992,1.0
10157,4,54256,1,270,-9.170683860778809,1.0
10157,4,54256,1,405,-9.089536666870117,1.0
10157,4,54256,1,729,-8.888895988464355,1.0
10157,4,54256,1,1050,-8.90483283996582,1.0
10157,2,51937,0,0,-16.419387817382812,1.0
10157,2,51937,0,36,-15.200973510742188,1.0
10157,2,51937,0,60,-12.56420612335205,1.0
10157,2,51937,0,84,-6.529239654541016,0.9920789930555556
10157,2,51937,0,120,-3.3597652912139893,1.0
10157,2,51937,0,180,-3.0000946521759033,1.0
10157,2,51937,0,270,-8.546029090881348,1.0
10157,2,51937,0,405,-9.149785995483398,1.0
10157,2,51937,0,729,-8.902568817138672,1.0
10157,2,51937,0,1050,-8.884275436401367,1.0
10158,6,53952,1,0,10.495931625366211,1.0
10158,6,53952,1,36,8.704909324645996,0.9896918402777778
10158,6,53952,1,60,4.085110664367676,0.99609375
10158,6,53952,1,84,2.2050554752349854,1.0
10158,6,53952,1,120,-0.3459886312484741,1.0
10158,6,53952,1,180,-2.6555562019348145,1.0
10158,6,53952,1,270,-7.035515785217285,1.0
10158,6,53952,1,405,-7.308231353759766,1.0
10158,6,53952,1,729,-7.048905372619629,1.0
10158,6,53952,1,1050,-7.048272609710693,1.0
10158,3,54104,0,0,-11.780607223510742,1.0
10158,3,54104,0,36,-15.922111511230469,0.9839409722222222
10158,3,54104,0,60,-0.27564573287963867,1.0
10158,3,54104,0,84,-1.2554702758789062,1.0
10158,3,54104,0,120,1.0046558380126953,1.0
10158,3,54104,0,180,-0.8685911893844604,1.0
10158,3,54104,0,270,-7.364871501922607,1.0
10158,3,54104,0,405,-7.383803367614746,1.0
10158,3,54104,0,729,-7.046151638031006,1.0
10158,3,54104,0,1050,-7.049685955047607,1.0
10159,0,54509,1,0,10.75888442993164,1.0
10159,0,54509,1,36,9.769634246826172,1.0
10159,0,54509,1,60,3.6254310607910156,1.0
10159,0,54509,1,84,2.8754806518554688,0.9935980902777778
10159,0,54509,1,120,-0.9595518708229065,1.0
10159,0,54509,1,180,-1.428431749343872,1.0
10159,0,54509,1,270,-8.177046775817871,1.0
10159,0,54509,1,405,-8.470484733581543,1.0
10159,0,54509,1,729,-8.11259937286377,1.0
10159,0,54509,1,1050,-8.117344856262207,1.0
10159,8,52936,0,0,-7.170405387878418,1.0
10159,8,52936,0,36,-5.2409467697143555,1.0
10159,8,52936,0,60,-4.1567158699035645,0.990234375
10159,8,52936,0,84,-4.0353779792785645,1.0
10159,8,52936,0,120,-1.9372754096984863,1.0
10159,8,52936,0,180,-2.861557722091675,1.0
10159,8,52936,0,270,-8.599894523620605,1.0
10159,8,52936,0,405,-8.256677627563477,1.0
10159,8,52936,0,729,-8.11236572265625,1.0
10159,8,52936,0,1050,-8.121058464050293,1.0
10160,7,50424,1,0,10.249720573425293,1.0
10160,7,50424,1,36,11.194412231445312,1.0
10160,7,50424,1,60,6.337843894958496,0.9957682291666666
10160,7,50424,1,84,3.683320999145508,1.0
10160,7,50424,1,120,-2.2876603603363037,1.0
10160,7,50424,1,180,-3.18143892288208,1.0
10160,7,50424,1,270,-9.786406517028809,1.0
10160,7,50424,1,405,-10.061380386352539,1.0
10160,7,50424,1,729,-9.493767738342285,1.0
10160,7,50424,1,1050,-9.475099563598633,1.0
10160,6,52389,0,0,-10.376784324645996,1.0
10160,6,52389,0,36,-8.47501277923584,0.9900173611111112
10160,6,52389,0,60,-2.1037378311157227,0.9875217013888888
10160,6,52389,0,84,-8.08897876739502,0.9921875
10160,6,52389,0,120,-4.080318927764893,1.0
10160,6,52389,0,180,-4.111428737640381,1.0
10160,6,52389,0,270,-9.986593246459961,1.0
10160,6,52389,0,405,-9.918237686157227,1.0
10160,6,52389,0,729,-9.513542175292969,1.0
10160,6,52389,0,1050,-9.51125717163086,1.0
10161,3,52075,1,0,7.8456220626831055,1.0
10161,3,52075,1,36,7.689748764038086,1.0
10161,3,52075,1,60,3.2370758056640625,0.9917534722222222
10161,3,52075,1,84,2.007952928543091,1.0
10161,3,52075,1,120,2.0786633491516113,1.0
10161,3,52075,1,180,-4.085692882537842,1.0
10161,3,52075,1,270,-8.1332368850708,1.0
10161,3,52075,1,405,-8.147915840148926,1.0
10161,3,52075,1,729,-7.880845546722412,1.0
10161,3,52075,1,1050,-7.873194217681885,1.0
10161,11,53520,0,0,-38.74090576171875,1.0
10161,11,53520,0,36,-34.25181579589844,1.0
10161,11,53520,0,60,-24.775388717651367,0.9931640625
10161,11,53520,0,84,-14.579771995544434,1.0
10161,11,53520,0,120,-5.057704925537109,1.0
10161,11,53520,0,180,-3.554304838180542,1.0
10161,11,53520,0,270,-8.17090129852295,1.0
10161,11,53520,0,405,-8.082439422607422,1.0
10161,11,53520,0,729,-7.85119104385376,1.0
10161,11,53520,0,1050,-7.865912914276123,1.0
10162,8,54058,1,0,9.37137508392334,1.0
10162,8,54058,1,36,9.138243675231934,1.0
10162,8,54058,1,60,4.512287139892578,0.9914279513888888
10162,8,54058,1,84,2.7096972465515137,0.9896918402777778
10162,8,54058,1,120,3.3454456329345703,1.0
10162,8,54058,1,180,1.575439691543579,1.0
10162,8,54058,1,270,-6.632460594177246,1.0
10162,8,54058,1,405,-8.498631477355957,1.0
10162,8,54058,1,729,-8.503804206848145,1.0
10162,8,54058,1,1050,-8.406326293945312,1.0
10162,1,52003,0,0,-18.158578872680664,1.0
10162,1,52003,0,36,-17.459562301635742,1.0
10162,1,52003,0,60,-10.431173324584961,1.0
10162,1,52003,0,84,-5.962955474853516,1.0
10162,1,52003,0,120,-0.8150382041931152,1.0
10162,1,52003,0,180,-0.40298688411712646,1.0
10162,1,52003,0,270,-8.214988708496094,1.0
10162,1,52003,0,405,-8.796476364135742,1.0
10162,1,52003,0,729,-8.390061378479004,1.0
10162,1,52003,0,1050,-8.429645538330078,1.0
10163,9,51462,1,0,4.1945319175720215,1.0
10163,9,51462,1,36,5.414750099182129,1.0
10163,9,51462,1,60,-0.9015889167785645,0.9898003472222222
10163,9,51462,1,84,-3.0158944129943848,0.9899088541666666
10163,9,51462,1,120,-0.0596470832824707,1.0
10163,9,51462,1,180,-1.8924987316131592,1.0
10163,9,51462,1,270,-8.110554695129395,1.0
10163,9,51462,1,405,-8.03061580657959,1.0
10163,9,51462,1,729,-7.887747287750244,1.0
10163,9,51462,1,1050,-7.91652250289917,1.0
10163,5,53763,0,0,-18.079368591308594,1.0
10163,5,53763,0,36,-17.28420639038086,0.9931640625
10163,5,53763,0,60,-14.070168495178223,1.0
10163,5,53763,0,84,-10.34589958190918,0.9956597222222222
10163,5,53763,0,120,-5.690105438232422,1.0
10163,5,53763,0,180,-3.156693935394287,1.0
10163,5,53763,0,270,-8.201471328735352,1.0
10163,5,53763,0,405,-8.022234916687012,1.0
10163,5,53763,0,729,-7.888376712799072,1.0
10163,5,53763,0,1050,-7.919820308685303,1.0
10164,0,53902,1,0,11.248567581176758,1.0
10164,0,53902,1,36,11.01354694366455,0.9919704861111112
10164,0,53902,1,60,6.782235622406006,1.0
10164,0,53902,1,84,-8.173958778381348,0.9916449652777778
10164,0,53902,1,120,-2.6445677280426025,1.0
10164,0,53902,1,180,-1.39857816696167,1.0
10164,0,53902,1,270,-8.172203063964844,1.0
10164,0,53902,1,405,-8.37472915649414,1.0
10164,0,53902,1,729,-8.162002563476562,1.0
10164,0,53902,1,1050,-8.14954662322998,1.0
10164,9,51036,0,0,-10.334127426147461,1.0
10164,9,51036,0,36,-8.317834854125977,1.0
10164,9,51036,0,60,-10.858447074890137,1.0
10164,9,51036,0,84,-5.050424575805664,0.9955512152777778
10164,9,51036,0,120,-2.3057663440704346,1.0
10164,9,51036,0,180,-1.7616857290267944,1.0
10164,9,51036,0,270,-6.52035665512085,1.0
10164,9,51036,0,405,-8.41970443725586,1.0
10164,9,51036,0,729,-8.164617538452148,1.0
10164,9,51036,0,1050,-8.140754699707031,1.0
10165,9,51994,1,0,7.592108249664307,1.0
10165,9,51994,1,36,3.3443446159362793,0.9924045138888888
10165,9,51994,1,60,3.4365391731262207,0.9909939236111112
10165,9,51994,1,84,1.758101224899292,0.9963107638888888
10165,9,51994,1,120,-1.8994413614273071,1.0
10165,9,51994,1,180,-1.9099708795547485,1.0
10165,9,51994,1,270,-7.993426322937012,1.0
10165,9,51994,1,405,-7.802433013916016,1.0
10165,9,51994,1,729,-7.639674663543701,1.0
10165,9,51994,1,1050,-7.654271602630615,1.0
10165,6,50554,0,0,-15.557406425476074,1.0
10165,6,50554,0,36,-15.30201244354248,1.0
10165,6,50554,0,60,-4.777988910675049,0.9896918402777778
10165,6,50554,0,84,-2.9774937629699707,0.9896918402777778
10165,6,50554,0,120,-2.573152542114258,0.9992404513888888
10165,6,50554,0,180,-2.811161994934082,1.0
10165,6,50554,0,270,-7.844208717346191,1.0
10165,6,50554,0,405,-7.766859531402588,1.0
10165,6,50554,0,729,-7.653887748718262,1.0
10165,6,50554,0,1050,-7.643712997436523,1.0
10166,3,51804,1,0,4.680208683013916,1.0
10166,3,51804,1,36,2.496781349182129,1.0
10166,3,51804,1,60,5.488804340362549,1.0
10166,3,51804,1,84,1.206108808517456,1.0
10166,3,51804,1,120,-0.9925388693809509,1.0
10166,3,51804,1,180,-4.586668014526367,1.0
10166,3,51804,1,270,-8.765214920043945,1.0
10166,3,51804,1,405,-8.73055648803711,1.0
10166,3,51804,1,729,-8.434136390686035,1.0
10166,3,51804,1,1050,-8.383003234863281,1.0
10166,10,54782,0,0,-7.377510070800781,1.0
10166,10,54782,0,36,-7.327653884887695,1.0
10166,10,54782,0,60,-12.932778358459473,0.9899088541666666
10166,10,54782,0,84,-7.493162155151367,1.0
10166,10,54782,0,120,-2.858705997467041,1.0
10166,10,54782,0,180,-3.5437064170837402,1.0
10166,10,54782,0,270,-3.031984329223633,1.0
10166,10,54782,0,405,-6.1502838134765625,1.0
10166,10,54782,0,729,-8.485321044921875,1.0
10166,10,54782,0,1050,-8.371221542358398,1.0
10167,1,50215,1,0,6.607503890991211,1.0
10167,1,50215,1,36,6.372058391571045,1.0
10167,1,50215,1,60,4.584690093994141,1.0
10167,1,50215,1,84,5.554953575134277,1.0
10167,1,50215,1,120,1.554539442062378,1.0
10167,1,50215,1,180,-0.9629087448120117,1.0
10167,1,50215,1,270,-9.213264465332031,1.0
10167,1,50215,1,405,-9.212722778320312,1.0
10167,1,50215,1,729,-8.866580963134766,1.0
10167,1,50215,1,1050,-8.923192977905273,1.0
10167,2,54547,0,0,-35.689208984375,1.0
10167,2,54547,0,36,-33.15935516357422,1.0
10167,2,54547,0,60,-28.267282485961914,1.0
10167,2,54547,0,84,-16.63788414001465,1.0
10167,2,54547,0,120,-9.993049621582031,1.0
10167,2,54547,0,180,-4.617495536804199,1.0
10167,2,54547,0,270,-7.342016220092773,1.0
10167,2,54547,0,405,-8.835323333740234,1.0
10167,2,54547,0,729,-8.897173881530762,1.0
10167,2,54547,0,1050,-8.899368286132812,1.0
10168,9,51565,1,0,12.810314178466797,1.0
10168,9,51565,1,36,12.106350898742676,1.0
10168,9,51565,1,60,7.362679481506348,0.9928385416666666
10168,9,51565,1,84,4.069538593292236,0.9969618055555556
10168,9,51565,1,120,1.4421789646148682,1.0
10168,9,51565,1,180,-0.17534387111663818,1.0
10168,9,51565,1,270,-7.46134614944458,1.0
10168,9,51565,1,405,-7.364723205566406,1.0
10168,9,51565,1,729,-7.057028770446777,1.0
10168,9,51565,1,1050,-7.005795001983643,1.0
10168,0,54422,0,0,-17.67833709716797,1.0
10168,0,54422,0,36,-18.12541389465332,1.0
10168,0,54422,0,60,-16.95931053161621,0.990234375
10168,0,54422,0,84,-9.472563743591309,0.9965277777777778
10168,0,54422,0,120,-2.1560494899749756,1.0
10168,0,54422,0,180,-0.7900729775428772,1.0
10168,0,54422,0,270,-7.169757843017578,1.0
10168,0,54422,0,405,-7.291576385498047,1.0
10168,0,54422,0,729,-7.089844703674316,1.0
10168,0,54422,0,1050,-7.029162406921387,1.0
10169,11,53146,1,0,6.2217631340026855,1.0
10169,11,53146,1,36,5.862178802490234,1.0
10169,11,53146,1,60,1.362879753112793,1.0
10169,11,53146,1,84,1.5911502838134766,1.0
10169,11,53146,1,120,-0.1169729232788086,1.0
10169,11,53146,1,180,-1.520627498626709,1.0
10169,11,53146,1,270,-8.356573104858398,1.0
10169,11,53146,1,405,-8.29640007019043,1.0
10169,11,53146,1,729,-8.116111755371094,1.0
10169,11,53146,1,1050,-8.142359733581543,1.0
10169,5,52594,0,0,-11.754825592041016,1.0
10169,5,52594,0,36,-11.780244827270508,0.9898003472222222
10169,5,52594,0,60,-12.477295875549316,0.9931640625
10169,5,52594,0,84,-3.1575047969818115,1.0
10169,5,52594,0,120,-2.6420164108276367,1.0
10169,5,52594,0,180,-2.8329925537109375,1.0
10169,5,52594,0,270,-8.388718605041504,1.0
10169,5,52594,0,405,-8.36292552947998,1.0
10169,5,52594,0,729,-8.11727523803711,1.0
10169,5,52594,0,1050,-8.125213623046875,1.0
10170,7,53173,1,0,19.706777572631836,1.0
10170,7,53173,1,36,13.685953140258789,0.9925130208333334
10170,7,53173,1,60,15.283002853393555,0.9953342013888888
10170,7,53173,1,84,8.817363739013672,1.0
10170,7,53173,1,120,1.8898760080337524,1.0
10170,7,53173,1,180,0.803818941116333,1.0
10170,7,53173,1,270,-9.903830528259277,1.0
10170,7,53173,1,405,-9.479673385620117,1.0
10170,7,53173,1,729,-9.474371910095215,1.0
10170,7,53173,1,1050,-9.484325408935547,1.0
10170,8,54993,0,0,-20.663433074951172,1.0
10170,8,54993,0,36,-20.53390121459961,1.0
10170,8,54993,0,60,-9.003799438476562,0.9952256944444444
10170,8,54993,0,84,-11.66493034362793,1.0
10170,8,54993,0,120,-5.102004051208496,1.0
10170,8,54993,0,180,-4.98454475402832,1.0
10170,8,54993,0,270,-10.076655387878418,1.0
10170,8,54993,0,405,-9.974431037902832,1.0
10170,8,54993,0,729,-9.514504432678223,1.0
10170,8,54993,0,1050,-9.522387504577637,0.9962022569444444
10171,1,50850,1,0,8.184548377990723,1.0
10171,1,50850,1,36,8.730997085571289,0.9928385416666666
10171,1,50850,1,60,2.542816638946533,0.9925130208333334
10171,1,50850,1,84,3.499894618988037,0.9971788194444444
10171,1,50850,1,120,-0.6589438915252686,1.0
10171,1,50850,1,180,-4.428625583648682,1.0
10171,1,50850,1,270,-8.136550903320312,1.0
10171,1,50850,1,405,-8.066421508789062,1.0
10171,1,50850,1,729,-7.884617328643799,1.0
10171,1,50850,1,1050,-7.865943908691406,1.0
10171,8,53067,0,0,-21.119468688964844,1.0
10171,8,53067,0,36,-19.316650390625,0.9934895833333334
10171,8,53067,0,60,-7.016813278198242,0.9856770833333334
10171,8,53067,0,84,-8.301021575927734,1.0
10171,8,53067,0,120,-3.8912925720214844,1.0
10171,8,53067,0,180,-2.5004663467407227,1.0
10171,8,53067,0,270,-6.929264068603516,1.0
10171,8,53067,0,405,-7.8819684982299805,1.0
10171,8,53067,0,729,-7.867711544036865,1.0
10171,8,53067,0,1050,-7.870402812957764,1.0
10172,7,52953,1,0,-2.17411470413208,1.0
10172,7,52953,1,36,-2.240522623062134,0.9896918402777778
10172,7,52953,1,60,-2.3901121616363525,1.0
10172,7,52953,1,84,-0.3724193572998047,1.0
10172,7,52953,1,120,-2.1497344970703125,1.0
10172,7,52953,1,180,-3.366575241088867,1.0
10172,7,52953,1,270,-8.75410270690918,1.0
10172,7,52953,1,405,-8.64973258972168,1.0
10172,7,52953,1,729,-8.418668746948242,1.0
10172,7,52953,1,1050,-8.412684440612793,0.9995659722222222
10172,8,51880,0,0,-20.239971160888672,1.0
10172,8,51880,0,36,-19.890216827392578,0.9925130208333334
10172,8,51880,0,60,-14.478199005126953,0.9916449652777778
10172,8,51880,0,84,-9.245565414428711,0.9984809027777778
10172,8,51880,0,120,-5.586300373077393,1.0
10172,8,51880,0,180,-4.128894805908203,1.0
10172,8,51880,0,270,-7.0584564208984375,1.0
10172,8,51880,0,405,-8.707903861999512,1.0
10172,8,51880,0,729,-8.454524993896484,1.0
10172,8,51880,0,1050,-8.412561416625977,1.0
10173,9,53583,1,0,12.129730224609375,1.0
10173,9,53583,1,36,13.364301681518555,1.0
10173,9,53583,1,60,5.820201873779297,1.0
10173,9,53583,1,84,3.7108426094055176,1.0
10173,9,53583,1,120,0.3131221532821655,1.0
10173,9,53583,1,180,-1.2138874530792236,1.0
10173,9,53583,1,270,-7.893520832061768,1.0
10173,9,53583,1,405,-8.146626472473145,1.0
10173,9,53583,1,729,-7.874674320220947,1.0
10173,9,53583,1,1050,-7.889686107635498,1.0
10173,4,54536,0,0,-29.941753387451172,1.0
10173,4,54536,0,36,-20.31410789489746,0.9924045138888888
10173,4,54536,0,60,-23.740161895751953,1.0
10173,4,54536,0,84,-15.260035514831543,0.9933810763888888
10173,4,54536,0,120,-3.189422607421875,1.0
10173,4,54536,0,180,-1.3485645055770874,1.0
10173,4,54536,0,270,-8.189737319946289,1.0
10173,4,54536,0,405,-8.132038116455078,1.0
10173,4,54536,0,729,-7.892448425292969,1.0
10173,4,54536,0,1050,-7.89528226852417,1.0
10174,5,52973,1,0,8.980287551879883,1.0
10174,5,52973,1,36,10.437137603759766,1.0
10174,5,52973,1,60,0.7216520309448242,0.9927300347222222
10174,5,52973,1,84,6.324695587158203,1.0
10174,5,52973,1,120,0.5969119071960449,1.0
10174,5,52973,1,180,0.06809031963348389,1.0
10174,5,52973,1,270,-8.469970703125,1.0
10174,5,52973,1,405,-8.357029914855957,1.0
10174,5,52973,1,729,-8.172532081604004,1.0
10174,5,52973,1,1050,-8.105989456176758,1.0
10174,8,53351,0,0,-14.341424942016602,1.0
10174,8,53351,0,36,-13.0073823928833,1.0
10174,8,53351,0,60,-8.744851112365723,1.0
10174,8,53351,0,84,-10.839363098144531,0.98828125
10174,8,53351,0,120,-1.650800108909607,1.0
10174,8,53351,0,180,-3.8057193756103516,1.0
10174,8,53351,0,270,-8.44786548614502,1.0
10174,8,53351,0,405,-8.343542098999023,1.0
10174,8,53351,0,729,-8.167784690856934,1.0
10174,8,53351,0,1050,-8.197413444519043,1.0
10175,10,50853,1,0,9.324533462524414,1.0
10175,10,50853,1,36,8.294883728027344,1.0
10175,10,50853,1,60,3.933468818664551,1.0
10175,10,50853,1,84,-1.6879136562347412,1.0
10175,10,50853,1,120,-1.013692021369934,1.0
10175,10,50853,1,180,-2.3913192749023438,1.0
10175,10,50853,1,270,-8.254998207092285,1.0
10175,10,50853,1,405,-7.880666255950928,1.0
10175,10,50853,1,729,-7.635815143585205,1.0
10175,10,50853,1,1050,-7.647451400756836,1.0
10175,7,50281,0,0,-28.05194664001465,1.0
10175,7,50281,0,36,-30.07856559753418,0.9898003472222222
10175,7,50281,0,60,-16.770343780517578,0.9867621527777778
10175,7,50281,0,84,-11.869629859924316,1.0
10175,7,50281,0,120,-1.3049412965774536,1.0
10175,7,50281,0,180,-2.319673538208008,1.0
10175,7,50281,0,270,-7.920799732208252,1.0
10175,7,50281,0,405,-7.761928081512451,1.0
10175,7,50281,0,729,-7.648654460906982,1.0
10175,7,50281,0,1050,-7.621222972869873,1.0
10176,9,53606,1,0,7.922755241394043,1.0
10176,9,53606,1,36,9.142265319824219,0.9934895833333334
10176,9,53606,1,60,4.827061176300049,1.0
10176,9,53606,1,84,2.5317203998565674,1.0
10176,9,53606,1,120,-0.4768909215927124,1.0
10176,9,53606,1,180,-4.579117774963379,1.0
10176,9,53606,1,270,-8.746269226074219,1.0
10176,9,53606,1,405,-8.611156463623047,1.0
10176,9,53606,1,729,-8.411260604858398,1.0
10176,9,53606,1,1050,-8.411474227905273,1.0
10176,0,54364,0,0,-29.374271392822266,1.0
10176,0,54364,0,36,-29.943370819091797,1.0
10176,0,54364,0,60,-20.604568481445312,1.0
10176,0,54364,0,84,-19.092002868652344,1.0
10176,0,54364,0,120,-9.35971450805664,1.0
10176,0,54364,0,180,-4.344797611236572,1.0
10176,0,54364,0,270,-8.823127746582031,1.0
10176,0,54364,0,405,-8.829986572265625,1.0
10176,0,54364,0,729,-8.394599914550781,1.0
10176,0,54364,0,1050,-8.42513370513916,1.0
10177,10,52146,1,0,2.2820682525634766,1.0
10177,10,52146,1,36,0.8149271011352539,0.9909939236111112
10177,10,52146,1,60,1.0393562316894531,1.0
10177,10,52146,1,84,-2.095557451248169,0.9928385416666666
10177,10,52146,1,120,-1.9211316108703613,1.0
10177,10,52146,1,180,-6.54822301864624,1.0
10177,10,52146,1,270,-9.091172218322754,1.0
10177,10,52146,1,405,-8.976095199584961,1.0
10177,10,52146,1,729,-8.884936332702637,1.0
10177,10,52146,1,1050,-8.878514289855957,1.0
10177,5,51362,0,0,-24.2926025390625,1.0
10177,5,51362,0,36,-19.78221893310547,0.9931640625
10177,5,51362,0,60,-16.114442825317383,0.9952256944444444
10177,5,51362,0,84,-7.043598651885986,1.0
10177,5,51362,0,120,-6.446552276611328,1.0
10177,5,51362,0,180,-2.305532455444336,1.0
10177,5,51362,0,270,-9.138406753540039,1.0
10177,5,51362,0,405,-8.990377426147461,1.0
10177,5,51362,0,729,-8.86938762664795,1.0
10177,5,51362,0,1050,-8.851871490478516,1.0
10178,8,50421,1,0,7.361502170562744,1.0
10178,8,50421,1,36,5.991482257843018,0.9899088541666666
10178,8,50421,1,60,1.4294016361236572,0.9914279513888888
10178,8,50421,1,84,-0.6104004383087158,0.9982638888888888
10178,8,50421,1,120,-0.4239024519920349,1.0
10178,8,50421,1,180,-0.04135024547576904,1.0
10178,8,50421,1,270,-7.199286937713623,1.0
10178,8,50421,1,405,-7.238855361938477,1.0
10178,8,50421,1,729,-7.039754867553711,1.0
10178,8,50421,1,1050,-7.03021764755249,1.0
10178,4,52245,0,0,-9.296658515930176,1.0
10178,4,52245,0,36,-8.384502410888672,1.0
10178,4,52245,0,60,-4.10426139831543,0.9871961805555556
10178,4,52245,0,84,-1.8106260299682617,0.9986979166666666
10178,4,52245,0,120,-1.1810835599899292,1.0
10178,4,52245,0,180,-0.5931823253631592,1.0
10178,4,52245,0,270,-7.488498687744141,1.0
10178,4,52245,0,405,-7.167349815368652,1.0
10178,4,52245,0,729,-7.085299015045166,1.0
10178,4,52245,0,1050,-7.05350923538208,1.0
10179,2,50436,1,0,4.656728744506836,1.0
10179,2,50436,1,36,-0.8589301109313965,0.9896918402777778
10179,2,50436,1,60,4.576544284820557,0.9942491319444444
10179,2,50436,1,84,0.46549057960510254,1.0
10179,2,50436,1,120,-1.3311847448349,1.0
10179,2,50436,1,180,-1.3838200569152832,1.0
10179,2,50436,1,270,-8.425236701965332,1.0
10179,2,50436,1,405,-8.321455955505371,1.0
10179,2,50436,1,729,-8.138439178466797,1.0
10179,2,50436,1,1050,-8.130810737609863,1.0
10179,0,51098,0,0,-8.411413192749023,1.0
10179,0,51098,0,36,-12.80663776397705,0.9922960069444444
10179,0,51098,0,60,-9.80984878540039,1.0
10179,0,51098,0,84,-7.6061506271362305,0.9971788194444444
10179,0,51098,0,120,-1.2885818481445312,1.0
10179,0,51098,0,180,-1.3725945949554443,1.0
10179,0,51098,0,270,-7.056389331817627,1.0
10179,0,51098,0,405,-8.292128562927246,1.0
10179,0,51098,0,729,-8.171363830566406,1.0
10179,0,51098,0,1050,-8.104086875915527,0.9996744791666666
10180,2,52596,1,0,12.695768356323242,1.0
10180,2,52596,1,36,7.38112735748291,0.9934895833333334
10180,2,52596,1,60,3.042154312133789,0.9866536458333334
10180,2,52596,1,84,1.4609968662261963,0.9965277777777778
10180,2,52596,1,120,-1.738110065460205,1.0
10180,2,52596,1,180,-3.9015777111053467,1.0
10180,2,52596,1,270,-9.959976196289062,1.0
10180,2,52596,1,405,-9.845005989074707,1.0
10180,2,52596,1,729,-9.488061904907227,1.0
10180,2,52596,1,1050,-9.516195297241211,1.0
10180,6,53120,0,0,-14.8381929397583,1.0
10180,6,53120,0,36,-13.29272174835205,0.9911024305555556
10180,6,53120,0,60,-15.167928695678711,0.9955512152777778
10180,6,53120,0,84,-6.485046863555908,0.9958767361111112
10180,6,53120,0,120,-4.752669811248779,0.9973958333333334
10180,6,53120,0,180,-3.5892410278320312,1.0
10180,6,53120,0,270,-10.016191482543945,1.0
10180,6,53120,0,405,-9.631525993347168,1.0
10180,6,53120,0,729,-9.469791412353516,1.0
10180,6,53120,0,1050,-9.496047019958496,1.0
10181,8,50400,1,0,5.7395339012146,1.0
10181,8,50400,1,36,7.134042739868164,1.0
10181,8,50400,1,60,4.269349098205566,1.0
10181,8,50400,1,84,2.162519931793213,1.0
10181,8,50400,1,120,-0.04341691732406616,1.0
10181,8,50400,1,180,-3.1398587226867676,1.0
10181,8,50400,1,270,-8.160974502563477,1.0
10181,8,50400,1,405,-8.110795974731445,1.0
10181,8,50400,1,729,-7.894089698791504,1.0
10181,8,50400,1,1050,-7.902318477630615,1.0
10181,9,51002,0,0,-11.751322746276855,1.0
10181,9,51002,0,36,-10.07018756866455,1.0
10181,9,51002,0,60,-7.099647521972656,1.0
10181,9,51002,0,84,-4.64605712890625,1.0
10181,9,51002,0,120,-3.241407632827759,1.0
10181,9,51002,0,180,-5.494237422943115,1.0
10181,9,51002,0,270,-8.136873245239258,1.0
10181,9,51002,0,405,-8.04537582397461,1.0
10181,9,51002,0,729,-7.867293357849121,1.0
10181,9,51002,0,1050,-7.843165874481201,1.0
10182,7,54125,1,0,7.697608470916748,1.0
10182,7,54125,1,36,9.195718765258789,0.9933810763888888
10182,7,54125,1,60,8.398401260375977,0.9946831597222222
10182,7,54125,1,84,2.8784775733947754,0.9901258680555556
10182,7,54125,1,120,1.367131233215332,0.9978298611111112
10182,7,54125,1,180,0.6941618919372559,1.0
10182,7,54125,1,270,-5.839995384216309,1.0
10182,7,54125,1,405,-7.900967597961426,1.0
10182,7,54125,1,729,-8.442155838012695,1.0
10182,7,54125,1,1050,-8.428580284118652,1.0
10182,2,53194,0,0,-13.5790433883667,1.0
10182,2,53194,0,36,-14.536687850952148,1.0
10182,2,53194,0,60,-11.827783584594727,0.9942491319444444
10182,2,53194,0,84,-6.12938117980957,0.99609375
10182,2,53194,0,120,-6.137251853942871,0.9989149305555556
10182,2,53194,0,180,-3.368049144744873,1.0
10182,2,53194,0,270,-8.595625877380371,1.0
10182,2,53194,0,405,-8.949827194213867,1.0
10182,2,53194,0,729,-8.4298095703125,1.0
10182,2,53194,0,1050,-8.403952598571777,1.0
10183,6,54587,1,0,12.873191833496094,1.0
10183,6,54587,1,36,11.574079513549805,1.0
10183,6,54587,1,60,5.869769096374512,0.99609375
10183,6,54587,1,84,2.493849277496338,1.0
10183,6,54587,1,120,-1.085874319076538,1.0
10183,6,54587,1,180,-2.446774482727051,1.0
10183,6,54587,1,270,-4.893106937408447,1.0
10183,6,54587,1,405,-8.256399154663086,1.0
10183,6,54587,1,729,-7.915342330932617,1.0
10183,6,54587,1,1050,-7.909740447998047,1.0
10183,2,51371,0,0,-3.004765510559082,1.0
10183,2,51371,0,36,-4.946957588195801,0.9898003472222222
10183,2,51371,0,60,-5.414653778076172,1.0
10183,2,51371,0,84,-3.117403745651245,1.0
10183,2,51371,0,120,-2.590763568878174,1.0
10183,2,51371,0,180,-2.6935839653015137,1.0
10183,2,51371,0,270,-3.2879600524902344,1.0
10183,2,51371,0,405,-7.322334289550781,1.0
10183,2,51371,0,729,-7.986120700836182,1.0
10183,2,51371,0,1050,-7.9097089767456055,1.0
10184,6,52424,1,0,-1.1528501510620117,1.0
10184,6,52424,1,36,1.514958381652832,1.0
10184,6,52424,1,60,1.97886323928833,0.9942491319444444
10184,6,52424,1,84,0.993372917175293,1.0
10184,6,52424,1,120,-2.1215336322784424,1.0
10184,6,52424,1,180,-2.8153812885284424,1.0
10184,6,52424,1,270,-8.447821617126465,1.0
10184,6,52424,1,405,-8.294632911682129,1.0
10184,6,52424,1,729,-8.166862487792969,1.0
10184,6,52424,1,1050,-8.146220207214355,1.0
10184,7,53781,0,0,-22.19112777709961,1.0
10184,7,53781,0,36,-22.47284507751465,1.0
10184,7,53781,0,60,-15.652837753295898,1.0
10184,7,53781,0,84,-16.282695770263672,0.9899088541666666
10184,7,53781,0,120,-3.5005736351013184,1.0
10184,7,53781,0,180,-2.387110710144043,1.0
10184,7,53781,0,270,-8.445514678955078,1.0
10184,7,53781,0,405,-8.059394836425781,1.0
10184,7,53781,0,729,-8.164079666137695,1.0
10184,7,53781,0,1050,-8.14898681640625,0.9924045138888888
10185,9,50895,1,0,6.481238842010498,1.0
10185,9,50895,1,36,-0.5298380851745605,0.9919704861111112
10185,9,50895,1,60,1.2505650520324707,1.0
10185,9,50895,1,84,-0.08593511581420898,1.0
10185,9,50895,1,120,-1.4776164293289185,1.0
10185,9,50895,1,180,-2.7679738998413086,1.0
10185,9,50895,1,270,-7.609971046447754,1.0
10185,9,50895,1,405,-7.902197360992432,1.0
10185,9,50895,1,729,-7.6601409912109375,1.0
10185,9,50895,1,1050,-7.630270481109619,0.9838324652777778
10185,5,52766,0,0,-15.616722106933594,1.0
10185,5,52766,0,36,-14.352570533752441,1.0
10185,5,52766,0,60,-4.316679000854492,0.9922960069444444
10185,5,52766,0,84,-4.139273166656494,1.0
10185,5,52766,0,120,-1.8777743577957153,1.0
10185,5,52766,0,180,-1.8882412910461426,1.0
10185,5,52766,0,270,-7.311647891998291,1.0
10185,5,52766,0,405,-7.876450061798096,1.0
10185,5,52766,0,729,-7.648918151855469,1.0
10185,5,52766,0,1050,-7.633606433868408,1.0
10186,7,51387,1,0,15.499109268188477,1.0
10186,7,51387,1,36,11.911247253417969,0.9916449652777778
10186,7,51387,1,60,5.471955299377441,1.0
10186,7,51387,1,84,0.9937560558319092,1.0
10186,7,51387,1,120,1.9420223236083984,1.0
10186,7,51387,1,180,-1.301464319229126,1.0
10186,7,51387,1,270,-8.567586898803711,1.0
10186,7,51387,1,405,-8.597503662109375,1.0
10186,7,51387,1,729,-8.372493743896484,1.0
10186,7,51387,1,1050,-8.372405052185059,1.0
10186,5,53681,0,0,-21.824310302734375,1.0
10186,5,53681,0,36,-18.702993392944336,0.9901258680555556
10186,5,53681,0,60,-18.58905601501465,1.0
10186,5,53681,0,84,-10.699820518493652,1.0
10186,5,53681,0,120,-2.8558011054992676,1.0
10186,5,53681,0,180,-3.6459004878997803,1.0
10186,5,53681,0,270,-8.763916969299316,1.0
10186,5,53681,0,405,-8.758769035339355,1.0
10186,5,53681,0,729,-8.380439758300781,1.0
10186,5,53681,0,1050,-8.429342269897461,1.0
10187,1,50794,1,0,2.574310779571533,1.0
10187,1,50794,1,36,0.05541706085205078,0.9844835069444444
10187,1,50794,1,60,-0.10490632057189941,1.0
10187,1,50794,1,84,0.6147918701171875,0.9956597222222222
10187,1,50794,1,120,-1.3077183961868286,1.0
10187,1,50794,1,180,-2.5493404865264893,1.0
10187,1,50794,1,270,-9.243496894836426,1.0
10187,1,50794,1,405,-9.07146167755127,1.0
10187,1,50794,1,729,-8.890867233276367,1.0
10187,1,50794,1,1050,-8.900697708129883,1.0
10187,7,54008,0,0,-20.874521255493164,1.0
10187,7,54008,0,36,-19.208045959472656,1.0
10187,7,54008,0,60,-15.339484214782715,1.0
10187,7,54008,0,84,-9.081363677978516,0.9985894097222222
10187,7,54008,0,120,-0.6404266357421875,1.0
10187,7,54008,0,180,-0.6138794422149658,1.0
10187,7,54008,0,270,-8.664137840270996,1.0
10187,7,54008,0,405,-9.295331954956055,1.0
10187,7,54008,0,729,-8.856325149536133,1.0
10187,7,54008,0,1050,-8.864432334899902,1.0
10188,2,51933,1,0,9.466340065002441,1.0
10188,2,51933,1,36,7.36677360534668,1.0
10188,2,51933,1,60,5.165492057800293,1.0
10188,2,51933,1,84,0.1703023910522461,0.9919704861111112
10188,2,51933,1,120,-0.05594182014465332,1.0
10188,2,51933,1,180,-1.3398540019989014,1.0
10188,2,51933,1,270,-7.371901988983154,1.0
10188,2,51933,1,405,-7.260735511779785,1.0
10188,2,51933,1,729,-7.01563024520874,1.0
10188,2,51933,1,1050,-7.02127742767334,1.0
10188,4,54675,0,0,-22.4371337890625,1.0
10188,4,54675,0,36,-23.516693115234375,0.9930555555555556
10188,4,54675,0,60,-12.820425033569336,0.99609375
10188,4,54675,0,84,-11.60653018951416,1.0
10188,4,54675,0,120,-1.2693250179290771,1.0
10188,4,54675,0,180,-2.018401622772217,1.0
10188,4,54675,0,270,-7.358497142791748,1.0
10188,4,54675,0,405,-7.152157306671143,1.0
10188,4,54675,0,729,-7.049006462097168,1.0
10188,4,54675,0,1050,-7.0563788414001465,1.0
10189,7,50867,1,0,11.222710609436035,1.0
10189,7,50867,1,36,8.483793258666992,0.9924045138888888
10189,7,50867,1,60,5.674042701721191,0.9956597222222222
10189,7,50867,1,84,6.034527778625488,0.9982638888888888
10189,7,50867,1,120,0.910402774810791,1.0
10189,7,50867,1,180,-0.907172441482544,1.0
10189,7,50867,1,270,-2.7473225593566895,1.0
10189,7,50867,1,405,-8.331217765808105,1.0
10189,7,50867,1,729,-8.132092475891113,1.0
10189,7,50867,1,1050,-8.11911678314209,1.0
10189,9,54883,0,0,-9.790843963623047,1.0
10189,9,54883,0,36,-10.849523544311523,0.9908854166666666
10189,9,54883,0,60,-6.09598970413208,1.0
10189,9,54883,0,84,-4.8936872482299805,0.9977213541666666
10189,9,54883,0,120,-3.4169607162475586,1.0
10189,9,54883,0,180,-5.411050319671631,1.0
10189,9,54883,0,270,-8.45519733428955,1.0
10189,9,54883,0,405,-8.356040000915527,1.0
10189,9,54883,0,729,-8.154644012451172,1.0
10189,9,54883,0,1050,-8.149168014526367,1.0
10190,3,51978,1,0,19.644184112548828,1.0
10190,3,51978,1,36,9.829852104187012,0.9908854166666666
10190,3,51978,1,60,5.997025489807129,0.9955512152777778
10190,3,51978,1,84,5.781944274902344,1.0
10190,3,51978,1,120,-0.5535924434661865,1.0
10190,3,51978,1,180,-3.0099074840545654,1.0
10190,3,51978,1,270,-10.073452949523926,1.0
10190,3,51978,1,405,-9.954964637756348,1.0
10190,3,51978,1,729,-9.537595748901367,1.0
10190,3,51978,1,1050,-9.55183219909668,1.0
10190,7,52835,0,0,-11.354248046875,1.0
10190,7,52835,0,36,-10.959207534790039,0.9921875
10190,7,52835,0,60,-11.717242240905762,0.9949001736111112
10190,7,52835,0,84,-5.691168308258057,1.0
10190,7,52835,0,120,-3.275296211242676,1.0
10190,7,52835,0,180,-2.9713711738586426,1.0
10190,7,52835,0,270,-9.831655502319336,1.0
10190,7,52835,0,405,-9.819927215576172,1.0
10190,7,52835,0,729,-9.500737190246582,1.0
10190,7,52835,0,1050,-9.480203628540039,1.0
10191,4,50249,1,0,8.460951805114746,1.0
10191,4,50249,1,36,9.358396530151367,1.0
10191,4,50249,1,60,-1.1938896179199219,0.9868706597222222
10191,4,50249,1,84,4.651083946228027,1.0
10191,4,50249,1,120,0.059140563011169434,1.0
10191,4,50249,1,180,0.11933743953704834,1.0
10191,4,50249,1,270,-8.119051933288574,1.0
10191,4,50249,1,405,-8.062753677368164,1.0
10191,4,50249,1,729,-7.893779277801514,1.0
10191,4,50249,1,1050,-7.891632080078125,1.0
10191,1,50831,0,0,-19.678791046142578,1.0
10191,1,50831,0,36,-11.402837753295898,0.9896918402777778
10191,1,50831,0,60,-10.346400260925293,0.9928385416666666
10191,1,50831,0,84,-8.700224876403809,0.9895833333333334
10191,1,50831,0,120,-4.644360542297363,1.0
10191,1,50831,0,180,-2.265019655227661,1.0
10191,1,50831,0,270,-5.456266403198242,1.0
10191,1,50831,0,405,-8.177435874938965,1.0
10191,1,50831,0,729,-7.911489009857178,1.0
10191,1,50831,0,1050,-7.860552787780762,1.0
10192,8,51119,1,0,10.480023384094238,1.0
10192,8,51119,1,36,10.851215362548828,1.0
10192,8,51119,1,60,8.166910171508789,1.0
10192,8,51119,1,84,3.744713306427002,0.9900173611111112
10192,8,51119,1,120,0.10493016242980957,1.0
10192,8,51119,1,180,-1.0530809164047241,1.0
10192,8,51119,1,270,-9.009222030639648,1.0
10192,8,51119,1,405,-8.706644058227539,1.0
10192,8,51119,1,729,-8.412310600280762,1.0
10192,8,51119,1,1050,-8.414511680603027,1.0
10192,0,50995,0,0,-16.732257843017578,1.0
10192,0,50995,0,36,-14.483044624328613,1.0
10192,0,50995,0,60,-11.64579963684082,1.0
10192,0,50995,0,84,-7.595191955566406,0.9982638888888888
10192,0,50995,0,120,-0.7145930528640747,1.0
10192,0,50995,0,180,-1.06931734085083,1.0
10192,0,50995,0,270,-7.642693996429443,1.0
10192,0,50995,0,405,-8.134626388549805,1.0
10192,0,50995,0,729,-8.395609855651855,1.0
10192,0,50995,0,1050,-8.380495071411133,0.9997829861111112
10193,10,52692,1,0,15.946659088134766,1.0
10193,10,52692,1,36,17.18036460876465,1.0
10193,10,52692,1,60,8.871065139770508,1.0
10193,10,52692,1,84,5.151650428771973,0.9976128472222222
10193,10,52692,1,120,1.3440234661102295,1.0
10193,10,52692,1,180,-1.9146474599838257,1.0
10193,10,52692,1,270,-8.148595809936523,1.0
10193,10,52692,1,405,-8.052029609680176,1.0
10193,10,52692,1,729,-7.881210803985596,1.0
10193,10,52692,1,1050,-7.897815227508545,1.0
10193,11,53721,0,0,-16.885562896728516,1.0
10193,11,53721,0,36,-11.5972261428833,0.9914279513888888
10193,11,53721,0,60,-7.15277624130249,1.0
10193,11,53721,0,84,-6.447015285491943,1.0
10193,11,53721,0,120,-1.765067219734192,1.0
10193,11,53721,0,180,-5.020490646362305,1.0
10193,11,53721,0,270,-8.298982620239258,1.0
10193,11,53721,0,405,-8.257242202758789,1.0
10193,11,53721,0,729,-7.901054859161377,1.0
10193,11,53721,0,1050,-7.875605583190918,1.0
10194,3,51791,1,0,18.169160842895508,1.0
10194,3,51791,1,36,18.11253547668457,1.0
10194,3,51791,1,60,7.385561943054199,1.0
10194,3,51791,1,84,5.268421173095703,1.0
10194,3,51791,1,120,0.016909003257751465,1.0
10194,3,51791,1,180,-2.199472188949585,1.0
10194,3,51791,1,270,-8.379365921020508,1.0
10194,3,51791,1,405,-8.36828327178955,1.0
10194,3,51791,1,729,-8.13638687133789,1.0
10194,3,51791,1,1050,-8.141483306884766,1.0
10194,6,53241,0,0,-23.322486877441406,1.0
10194,6,53241,0,36,-22.286056518554688,1.0
10194,6,53241,0,60,-17.051725387573242,1.0
10194,6,53241,0,84,-10.553716659545898,0.9963107638888888
10194,6,53241,0,120,-4.103240489959717,1.0
10194,6,53241,0,180,-1.7297675609588623,1.0
10194,6,53241,0,270,-8.358030319213867,1.0
10194,6,53241,0,405,-8.337818145751953,1.0
10194,6,53241,0,729,-8.131147384643555,1.0
10194,6,53241,0,1050,-8.139046669006348,1.0
10195,5,50904,1,0,15.908635139465332,1.0
10195,5,50904,1,36,15.366951942443848,1.0
10195,5,50904,1,60,8.96187973022461,1.0
10195,5,50904,1,84,3.0064947605133057,1.0
10195,5,50904,1,120,-0.5381976366043091,1.0
10195,5,50904,1,180,-4.262526512145996,1.0
10195,5,50904,1,270,-7.939262866973877,1.0
10195,5,50904,1,405,-7.908850193023682,1.0
10195,5,50904,1,729,-7.6702141761779785,1.0
10195,5,50904,1,1050,-7.646368980407715,1.0
10195,8,52837,0,0,-15.908893585205078,1.0
10195,8,52837,0,36,-15.84655475616455,1.0
10195,8,52837,0,60,-10.428443908691406,0.9881727430555556
10195,8,52837,0,84,-8.751198768615723,1.0
10195,8,52837,0,120,-3.2015297412872314,1.0
10195,8,52837,0,180,-2.796297311782837,1.0
10195,8,52837,0,270,-7.041700839996338,1.0
10195,8,52837,0,405,-7.245200157165527,1.0
10195,8,52837,0,729,-7.651275157928467,1.0
10195,8,52837,0,1050,-7.631231307983398,1.0
10196,1,54847,1,0,10.524404525756836,1.0
10196,1,54847,1,36,10.02625560760498,1.0
10196,1,54847,1,60,6.1790924072265625,1.0
10196,1,54847,1,84,2.9712207317352295,1.0
10196,1,54847,1,120,2.9697670936584473,1.0
10196,1,54847,1,180,-1.207085132598877,1.0
10196,1,54847,1,270,-5.38342809677124,1.0
10196,1,54847,1,405,-5.397636890411377,1.0
10196,1,54847,1,729,-8.379754066467285,1.0
10196,1,54847,1,1050,-8.397112846374512,1.0
10196,2,53045,0,0,-28.77401351928711,1.0
10196,2,53045,0,36,-27.486316680908203,1.0
10196,2,53045,0,60,-23.69754981994629,1.0
10196,2,53045,0,84,-16.739641189575195,0.9977213541666666
10196,2,53045,0,120,-9.8809175491333,1.0
10196,2,53045,0,180,-4.8261799812316895,1.0
10196,2,53045,0,270,-8.442216873168945,1.0
10196,2,53045,0,405,-6.665838718414307,1.0
10196,2,53045,0,729,-8.456470489501953,1.0
10196,2,53045,0,1050,-8.40343952178955,1.0
10197,4,53066,1,0,9.698042869567871,1.0
10197,4,53066,1,36,9.535343170166016,0.9833984375
10197,4,53066,1,60,6.412737846374512,1.0
10197,4,53066,1,84,5.106832027435303,0.9969618055555556
10197,4,53066,1,120,-0.3363543748855591,1.0
10197,4,53066,1,180,-1.1244194507598877,1.0
10197,4,53066,1,270,-9.104263305664062,1.0
10197,4,53066,1,405,-9.15209674835205,1.0
10197,4,53066,1,729,-8.867658615112305,1.0
10197,4,53066,1,1050,-8.875350952148438,1.0
10197,7,52250,0,0,-37.34352111816406,1.0
10197,7,52250,0,36,-26.233623504638672,0.9900173611111112
10197,7,52250,0,60,-22.772594451904297,0.9945746527777778
10197,7,52250,0,84,-13.360126495361328,0.9985894097222222
10197,7,52250,0,120,-5.826249122619629,1.0
10197,7,52250,0,180,-3.4917054176330566,1.0
10197,7,52250,0,270,-5.763734340667725,1.0
10197,7,52250,0,405,-8.824677467346191,1.0
10197,7,52250,0,729,-8.89233684539795,1.0
10197,7,52250,0,1050,-8.876112937927246,1.0
10198,5,51668,1,0,8.238121032714844,1.0
10198,5,51668,1,36,8.210702896118164,1.0
10198,5,51668,1,60,2.9914469718933105,1.0
10198,5,51668,1,84,2.045839309692383,1.0
10198,5,51668,1,120,1.0460667610168457,1.0
10198,5,51668,1,180,0.8852030038833618,1.0
10198,5,51668,1,270,-6.304058074951172,1.0
10198,5,51668,1,405,-7.206397533416748,1.0
10198,5,51668,1,729,-7.021684646606445,1.0
10198,5,51668,1,1050,-7.046896934509277,1.0
10198,3,52680,0,0,-19.924789428710938,1.0
10198,3,52680,0,36,-19.209941864013672,1.0
10198,3,52680,0,60,-19.098514556884766,1.0
10198,3,52680,0,84,-11.63163948059082,0.9898003472222222
10198,3,52680,0,120,-4.711820602416992,1.0
10198,3,52680,0,180,-0.8947843313217163,1.0
10198,3,52680,0,270,-7.557168006896973,1.0
10198,3,52680,0,405,-7.3493971824646,1.0
10198,3,52680,0,729,-7.048310279846191,1.0
10198,3,52680,0,1050,-7.055274486541748,1.0
10199,10,50833,1,0,12.375205993652344,1.0
10199,10,50833,1,36,6.781017303466797,0.9927300347222222
10199,10,50833,1,60,8.217562675476074,1.0
10199,10,50833,1,84,4.841838836669922,1.0
10199,10,50833,1,120,0.896509051322937,1.0
10199,10,50833,1,180,-1.3066338300704956,1.0
10199,10,50833,1,270,-7.715785026550293,1.0
10199,10,50833,1,405,-8.011669158935547,1.0
10199,10,50833,1,729,-8.129035949707031,1.0
10199,10,50833,1,1050,-8.111703872680664,1.0
10199,1,54957,0,0,-4.758892059326172,1.0
10199,1,54957,0,36,-4.470491409301758,1.0
10199,1,54957,0,60,-3.082423210144043,1.0
10199,1,54957,0,84,0.27835333347320557,0.9937065972222222
10199,1,54957,0,120,-0.7231889367103577,1.0
10199,1,54957,0,180,-2.9369661808013916,1.0
10199,1,54957,0,270,-8.451735496520996,1.0
10199,1,54957,0,405,-8.265692710876465,1.0
10199,1,54957,0,729,-8.127655982971191,1.0
10199,1,54957,0,1050,-8.160917282104492,1.0
10200,4,54459,1,0,24.24688720703125,1.0
10200,4,54459,1,36,23.377470016479492,1.0
10200,4,54459,1,60,15.730066299438477,1.0
10200,4,54459,1,84,13.165969848632812,1.0
10200,4,54459,1,120,0.9564156532287598,0.9979383680555556
10200,4,54459,1,180,-2.8132572174072266,1.0
10200,4,54459,1,270,-10.014190673828125,1.0
10200,4,54459,1,405,-9.849739074707031,1.0
10200,4,54459,1,729,-9.557289123535156,1.0
10200,4,54459,1,1050,-9.547646522521973,1.0
10200,9,54934,0,0,-17.252674102783203,1.0
10200,9,54934,0,36,-15.65524959564209,0.9934895833333334
10200,9,54934,0,60,-13.65636157989502,0.9934895833333334
10200,9,54934,0,84,-8.416854858398438,0.9976128472222222
10200,9,54934,0,120,-4.489687919616699,1.0
10200,9,54934,0,180,-4.87009334564209,1.0
10200,9,54934,0,270,-9.792900085449219,1.0
10200,9,54934,0,405,-9.671438217163086,1.0
10200,9,54934,0,729,-9.493358612060547,1.0
10200,9,54934,0,1050,-9.459090232849121,1.0
10201,7,51867,1,0,8.222482681274414,1.0
10201,7,51867,1,36,8.804823875427246,1.0
10201,7,51867,1,60,5.980497360229492,0.99609375
10201,7,51867,1,84,3.685718059539795,1.0
10201,7,51867,1,120,-1.0235810279846191,1.0
10201,7,51867,1,180,-0.5601651072502136,1.0
10201,7,51867,1,270,-8.132357597351074,1.0
10201,7,51867,1,405,-8.044776916503906,1.0
10201,7,51867,1,729,-7.908990383148193,1.0
10201,7,51867,1,1050,-7.9226555824279785,1.0
10201,8,54525,0,0,-22.574851989746094,1.0
10201,8,54525,0,36,-21.51691436767578,0.9933810763888888
10201,8,54525,0,60,-9.89584732055664,1.0
10201,8,54525,0,84,-10.129457473754883,1.0
10201,8,54525,0,120,-4.499055862426758,1.0
10201,8,54525,0,180,-4.038118362426758,1.0
10201,8,54525,0,270,-7.961650848388672,1.0
10201,8,54525,0,405,-8.243682861328125,1.0
10201,8,54525,0,729,-7.874624729156494,1.0
10201,8,54525,0,1050,-7.855700969696045,1.0
10202,9,50475,1,0,7.33162784576416,1.0
10202,9,50475,1,36,6.327817440032959,1.0
10202,9,50475,1,60,0.020422697067260742,0.9899088541666666
10202,9,50475,1,84,2.0868453979492188,0.9953342013888888
10202,9,50475,1,120,2.902082920074463,1.0
10202,9,50475,1,180,0.6403412818908691,1.0
10202,9,50475,1,270,-6.718897819519043,1.0
10202,9,50475,1,405,-8.518213272094727,1.0
10202,9,50475,1,729,-8.455333709716797,1.0
10202,9,50475,1,1050,-8.461581230163574,1.0
10202,0,50084,0,0,-9.479780197143555,1.0
10202,0,50084,0,36,-10.730064392089844,1.0
10202,0,50084,0,60,-6.987790107727051,1.0
10202,0,50084,0,84,-2.409869432449341,0.9901258680555556
10202,0,50084,0,120,-6.1693925857543945,1.0
10202,0,50084,0,180,-1.6430611610412598,1.0
10202,0,50084,0,270,-8.683389663696289,1.0
10202,0,50084,0,405,-8.722187042236328,1.0
10202,0,50084,0,729,-8.427204132080078,1.0
10202,0,50084,0,1050,-8.451470375061035,1.0
10203,6,54029,1,0,6.180609226226807,1.0
10203,6,54029,1,36,-0.5239620208740234,0.9845920138888888
10203,6,54029,1,60,1.0748710632324219,0.9957682291666666
10203,6,54029,1,84,-4.520049571990967,0.9937065972222222
10203,6,54029,1,120,-1.2894039154052734,1.0
10203,6,54029,1,180,-1.8677561283111572,1.0
10203,6,54029,1,270,-8.089372634887695,1.0
10203,6,54029,1,405,-7.987285614013672,1.0
10203,6,54029,1,729,-7.890643119812012,1.0
10203,6,54029,1,1050,-7.896790981292725,1.0
10203,3,53814,0,0,-36.70094680786133,1.0
10203,3,53814,0,36,-35.49480438232422,1.0
10203,3,53814,0,60,-30.80767059326172,1.0
10203,3,53814,0,84,-19.408100128173828,0.9911024305555556
10203,3,53814,0,120,-7.457472324371338,1.0
10203,3,53814,0,180,-8.779289245605469,1.0
10203,3,53814,0,270,-8.135164260864258,1.0
10203,3,53814,0,405,-8.161734580993652,1.0
10203,3,53814,0,729,-7.924501895904541,1.0
10203,3,53814,0,1050,-7.969586372375488,0.9995659722222222
10204,6,50531,1,0,10.552497863769531,1.0
10204,6,50531,1,36,9.925542831420898,1.0
10204,6,50531,1,60,7.0782694816589355,0.9954427083333334
10204,6,50531,1,84,4.602138519287109,0.9973958333333334
10204,6,50531,1,120,2.1928184032440186,1.0
10204,6,50531,1,180,0.04031848907470703,1.0
10204,6,50531,1,270,-8.44379997253418,1.0
10204,6,50531,1,405,-8.417485237121582,1.0
10204,6,50531,1,729,-8.139288902282715,1.0
10204,6,50531,1,1050,-8.151834487915039,1.0
10204,0,50153,0,0,-21.62399673461914,1.0
10204,0,50153,0,36,-15.388862609863281,1.0
10204,0,50153,0,60,-10.586076736450195,1.0
10204,0,50153,0,84,-9.769774436950684,0.9955512152777778
10204,0,50153,0,120,-5.622530937194824,1.0
10204,0,50153,0,180,-2.3898537158966064,1.0
10204,0,50153,0,270,-8.613433837890625,1.0
10204,0,50153,0,405,-8.549378395080566,1.0
10204,0,50153,0,729,-8.170201301574707,1.0
10204,0,50153,0,1050,-8.148679733276367,1.0
10205,1,50602,1,0,12.5546293258667,1.0
10205,1,50602,1,36,12.88083267211914,1.0
10205,1,50602,1,60,5.333003044128418,0.99609375
10205,1,50602,1,84,4.126430034637451,0.9983723958333334
10205,1,50602,1,120,-1.5520403385162354,1.0
10205,1,50602,1,180,-1.7641063928604126,1.0
10205,1,50602,1,270,-6.966761589050293,1.0
10205,1,50602,1,405,-7.936041355133057,1.0
10205,1,50602,1,729,-7.684131145477295,1.0
10205,1,50602,1,1050,-7.641679763793945,1.0
10205,6,54129,0,0,-22.703168869018555,1.0
10205,6,54129,0,36,-22.39439582824707,1.0
10205,6,54129,0,60,-16.74610137939453,1.0
10205,6,54129,0,84,-11.351551055908203,1.0
10205,6,54129,0,120,-4.809075355529785,1.0
10205,6,54129,0,180,-2.7910609245300293,1.0
10205,6,54129,0,270,-7.927762031555176,1.0
10205,6,54129,0,405,-7.8068647384643555,1.0
10205,6,54129,0,729,-7.675663471221924,1.0
10205,6,54129,0,1050,-7.632974147796631,1.0
10206,5,52263,1,0,11.280143737792969,1.0
10206,5,52263,1,36,10.728371620178223,1.0
10206,5,52263,1,60,6.593499660491943,1.0
10206,5,52263,1,84,2.67006254196167,0.9900173611111112
10206,5,52263,1,120,-0.9192883968353271,1.0
10206,5,52263,1,180,-2.7649483680725098,1.0
10206,5,52263,1,270,-8.792811393737793,1.0
10206,5,52263,1,405,-8.535757064819336,1.0
10206,5,52263,1,729,-8.398447036743164,1.0
10206,5,52263,1,1050,-8.390111923217773,1.0
10206,9,53973,0,0,-13.602120399475098,1.0
10206,9,53973,0,36,-14.536565780639648,1.0
10206,9,53973,0,60,-9.546289443969727,1.0
10206,9,53973,0,84,-6.340974807739258,0.9909939236111112
10206,9,53973,0,120,-2.9708447456359863,1.0
10206,9,53973,0,180,-3.308626651763916,1.0
10206,9,53973,0,270,-8.702102661132812,1.0
10206,9,53973,0,405,-8.53636646270752,1.0
10206,9,53973,0,729,-8.408040046691895,1.0
10206,9,53973,0,1050,-8.393184661865234,1.0
10207,4,51322,1,0,3.0633487701416016,1.0
10207,4,51322,1,36,3.0160655975341797,0.9928385416666666
10207,4,51322,1,60,-0.485018253326416,1.0
10207,4,51322,1,84,2.8906090259552,0.9958767361111112
10207,4,51322,1,120,-2.9893927574157715,1.0
10207,4,51322,1,180,-7.525577068328857,1.0
10207,4,51322,1,270,-9.135847091674805,1.0
10207,4,51322,1,405,-9.06382942199707,1.0
10207,4,51322,1,729,-8.883895874023438,1.0
10207,4,51322,1,1050,-8.89498519897461,1.0
10207,8,51104,0,0,-15.659741401672363,1.0
10207,8,51104,0,36,-12.536609649658203,0.9898003472222222
10207,8,51104,0,60,-9.908934593200684,0.9929470486111112
10207,8,51104,0,84,-0.7391178607940674,0.9942491319444444
10207,8,51104,0,120,-3.740161657333374,1.0
10207,8,51104,0,180,-3.5106942653656006,1.0
10207,8,51104,0,270,-9.406042098999023,1.0
10207,8,51104,0,405,-9.071794509887695,1.0
10207,8,51104,0,729,-8.872754096984863,1.0
10207,8,51104,0,1050,-8.88675594329834,1.0
10208,9,50346,1,0,-0.0576019287109375,1.0
10208,9,50346,1,36,-5.950225830078125,0.9925130208333334
10208,9,50346,1,60,-6.060801982879639,1.0
10208,9,50346,1,84,-0.33371877670288086,0.9963107638888888
10208,9,50346,1,120,-1.3456329107284546,1.0
10208,9,50346,1,180,-1.1758849620819092,1.0
10208,9,50346,1,270,-7.406871795654297,1.0
10208,9,50346,1,405,-7.208706855773926,1.0
10208,9,50346,1,729,-7.041596412658691,1.0
10208,9,50346,1,1050,-7.028611183166504,1.0
10208,2,50071,0,0,-12.290773391723633,1.0
10208,2,50071,0,36,-6.708763122558594,0.9901258680555556
10208,2,50071,0,60,-6.257185935974121,0.9939236111111112
10208,2,50071,0,84,-2.8391122817993164,1.0
10208,2,50071,0,120,-0.09373247623443604,0.9979383680555556
10208,2,50071,0,180,-0.5513091683387756,1.0
10208,2,50071,0,270,-7.078522682189941,1.0
10208,2,50071,0,405,-7.281467437744141,1.0
10208,2,50071,0,729,-7.078825950622559,1.0
10208,2,50071,0,1050,-7.046429634094238,1.0
10209,0,50088,1,0,1.3640384674072266,1.0
10209,0,50088,1,36,-0.06601607799530029,0.9911024305555556
10209,0,50088,1,60,-1.6524388790130615,1.0
10209,0,50088,1,84,-7.656243324279785,0.9887152777777778
10209,0,50088,1,120,-1.7184739112854004,1.0
10209,0,50088,1,180,-1.5723698139190674,1.0
10209,0,50088,1,270,-7.391109943389893,1.0
10209,0,50088,1,405,-8.389159202575684,1.0
10209,0,50088,1,729,-8.154814720153809,1.0
10209,0,50088,1,1050,-8.115494728088379,1.0
10209,3,54669,0,0,-13.427291870117188,1.0
10209,3,54669,0,36,-14.118345260620117,1.0
10209,3,54669,0,60,-7.081582069396973,1.0
10209,3,54669,0,84,-5.388803005218506,1.0
10209,3,54669,0,120,-1.8676142692565918,1.0
10209,3,54669,0,180,-0.666187584400177,1.0
10209,3,54669,0,270,-8.697278022766113,1.0
10209,3,54669,0,405,-8.455571174621582,1.0
10209,3,54669,0,729,-8.123427391052246,1.0
10209,3,54669,0,1050,-8.130236625671387,1.0
10210,8,52238,1,0,17.272327423095703,1.0
10210,8,52238,1,36,16.19544792175293,1.0
10210,8,52238,1,60,10.001100540161133,1.0
10210,8,52238,1,84,6.844525337219238,0.9906684027777778
10210,8,52238,1,120,0.2539489269256592,1.0
10210,8,52238,1,180,-1.3525651693344116,1.0
10210,8,52238,1,270,-9.64358139038086,1.0
10210,8,52238,1,405,-9.346956253051758,1.0
10210,8,52238,1,729,-9.535390853881836,1.0
10210,8,52238,1,1050,-9.473875045776367,1.0
10210,0,50158,0,0,-15.496679306030273,1.0
10210,0,50158,0,36,-15.8075532913208,1.0
10210,0,50158,0,60,-9.255514144897461,1.0
10210,0,50158,0,84,-3.069948434829712,0.9943576388888888
10210,0,50158,0,120,-3.9077744483947754,1.0
10210,0,50158,0,180,-3.943169116973877,1.0
10210,0,50158,0,270,-9.910539627075195,1.0
10210,0,50158,0,405,-9.75212287902832,1.0
10210,0,50158,0,729,-9.500788688659668,1.0
10210,0,50158,0,1050,-9.494956970214844,1.0
10211,1,54164,1,0,7.292492866516113,1.0
10211,1,54164,1,36,6.801858901977539,0.9917534722222222
10211,1,54164,1,60,4.913409233093262,1.0
10211,1,54164,1,84,2.554652452468872,1.0
10211,1,54164,1,120,-5.132673740386963,0.9990234375
10211,1,54164,1,180,-6.448788642883301,1.0
10211,1,54164,1,270,-8.05733871459961,1.0
10211,1,54164,1,405,-8.02585220336914,1.0
10211,1,54164,1,729,-7.903298377990723,1.0
10211,1,54164,1,1050,-7.889601707458496,1.0
10211,10,51878,0,0,-20.434898376464844,1.0
10211,10,51878,0,36,-11.363025665283203,0.9845920138888888
10211,10,51878,0,60,-12.309579849243164,1.0
10211,10,51878,0,84,-6.510049819946289,0.9931640625
10211,10,51878,0,120,-4.724399566650391,1.0
10211,10,51878,0,180,-4.122893333435059,1.0
10211,10,51878,0,270,-4.670161247253418,1.0
10211,10,51878,0,405,-8.27305793762207,1.0
10211,10,51878,0,729,-7.925013542175293,1.0
10211,10,51878,0,1050,-7.904327869415283,1.0
10212,1,53709,1,0,14.50072193145752,1.0
10212,1,53709,1,36,14.038567543029785,1.0
10212,1,53709,1,60,2.163607597351074,0.9900173611111112
10212,1,53709,1,84,4.5814056396484375,1.0
10212,1,53709,1,120,1.0232629776000977,1.0
10212,1,53709,1,180,-1.0232224464416504,1.0
10212,1,53709,1,270,-8.315611839294434,1.0
10212,1,53709,1,405,-8.7041654586792,1.0
10212,1,53709,1,729,-8.438201904296875,1.0
10212,1,53709,1,1050,-8.387842178344727,1.0
10212,0,50791,0,0,-16.544414520263672,1.0
10212,0,50791,0,36,-6.7341508865356445,0.9919704861111112
10212,0,50791,0,60,-9.904618263244629,1.0
10212,0,50791,0,84,-9.51637077331543,1.0
10212,0,50791,0,120,-5.950282096862793,1.0
10212,0,50791,0,180,-5.27839469909668,1.0
10212,0,50791,0,270,-2.0261733531951904,1.0
10212,0,50791,0,405,-6.496520042419434,1.0
10212,0,50791,0,729,-8.446462631225586,1.0
10212,0,50791,0,1050,-8.438928604125977,1.0
10213,4,52924,1,0,5.291335105895996,1.0
10213,4,52924,1,36,5.853137493133545,1.0
10213,4,52924,1,60,3.8452727794647217,1.0
10213,4,52924,1,84,-1.360403060913086,0.9952256944444444
10213,4,52924,1,120,-0.846074104309082,1.0
10213,4,52924,1,180,-1.8798515796661377,1.0
10213,4,52924,1,270,-8.107972145080566,1.0
10213,4,52924,1,405,-8.071065902709961,1.0
10213,4,52924,1,729,-7.889183521270752,1.0
10213,4,52924,1,1050,-7.913679599761963,1.0
10213,7,54629,0,0,-32.537559509277344,1.0
10213,7,54629,0,36,-30.63924789428711,0.9924045138888888
10213,7,54629,0,60,-27.405012130737305,1.0
10213,7,54629,0,84,-10.101319313049316,0.99609375
10213,7,54629,0,120,-10.352331161499023,1.0
10213,7,54629,0,180,-2.9298624992370605,1.0
10213,7,54629,0,270,-8.226119041442871,1.0
10213,7,54629,0,405,-8.126459121704102,1.0
10213,7,54629,0,729,-7.89915132522583,1.0
10213,7,54629,0,1050,-7.884178161621094,0.9886067708333334
10214,4,50937,1,0,12.930869102478027,1.0
10214,4,50937,1,36,12.144999504089355,1.0
10214,4,50937,1,60,2.3006815910339355,0.990234375
10214,4,50937,1,84,7.265905380249023,1.0
10214,4,50937,1,120,-0.8922326564788818,1.0
10214,4,50937,1,180,-2.312904119491577,1.0
10214,4,50937,1,270,-3.682556390762329,1.0
10214,4,50937,1,405,-3.2947261333465576,1.0
10214,4,50937,1,729,-8.275022506713867,1.0
10214,4,50937,1,1050,-8.212299346923828,1.0
10214,6,50749,0,0,-28.328655242919922,1.0
10214,6,50749,0,36,-23.61006736755371,0.9912109375
10214,6,50749,0,60,-18.662120819091797,1.0
10214,6,50749,0,84,-12.793561935424805,1.0
10214,6,50749,0,120,-3.378427267074585,1.0
10214,6,50749,0,180,-1.7464524507522583,1.0
10214,6,50749,0,270,-8.095611572265625,1.0
10214,6,50749,0,405,-8.361413955688477,1.0
10214,6,50749,0,729,-8.133499145507812,1.0
10214,6,50749,0,1050,-8.13442611694336,1.0
10215,4,54361,1,0,10.882964134216309,1.0
10215,4,54361,1,36,10.347220420837402,1.0
10215,4,54361,1,60,2.7078185081481934,1.0
10215,4,54361,1,84,2.23580265045166,1.0
10215,4,54361,1,120,-0.6614742279052734,1.0
10215,4,54361,1,180,-2.4287142753601074,1.0
10215,4,54361,1,270,-7.314188003540039,1.0
10215,4,54361,1,405,-7.932300090789795,1.0
10215,4,54361,1,729,-7.66393518447876,1.0
10215,4,54361,1,1050,-7.635974884033203,1.0
10215,10,50374,0,0,-9.789837837219238,1.0
10215,10,50374,0,36,-8.275160789489746,1.0
10215,10,50374,0,60,-6.743563175201416,0.9949001736111112
10215,10,50374,0,84,-3.854936122894287,1.0
10215,10,50374,0,120,-2.409182071685791,1.0
10215,10,50374,0,180,-4.161593437194824,1.0
10215,10,50374,0,270,-7.927515983581543,1.0
10215,10,50374,0,405,-7.867998123168945,1.0
10215,10,50374,0,729,-7.642867088317871,1.0
10215,10,50374,0,1050,-7.653400421142578,1.0
10216,11,50870,1,0,10.624499320983887,1.0
10216,11,50870,1,36,9.249332427978516,1.0
10216,11,50870,1,60,3.505711555480957,0.9952256944444444
10216,11,50870,1,84,1.408656358718872,0.9986979166666666
10216,11,50870,1,120,-2.717815399169922,1.0
10216,11,50870,1,180,-1.3839354515075684,1.0
10216,11,50870,1,270,-8.678450584411621,1.0
10216,11,50870,1,405,-8.720125198364258,1.0
10216,11,50870,1,729,-8.400141716003418,1.0
10216,11,50870,1,1050,-8.38736343383789,1.0
10216,7,50391,0,0,-20.617931365966797,1.0
10216,7,50391,0,36,-14.41653823852539,1.0
10216,7,50391,0,60,-16.674434661865234,0.9909939236111112
10216,7,50391,0,84,-12.32595443725586,1.0
10216,7,50391,0,120,-5.942752361297607,1.0
10216,7,50391,0,180,-4.74655818939209,1.0
10216,7,50391,0,270,-8.856201171875,1.0
10216,7,50391,0,405,-8.655266761779785,1.0
10216,7,50391,0,729,-8.387859344482422,1.0
10216,7,50391,0,1050,-8.391695022583008,1.0
10217,2,52524,1,0,6.553485870361328,1.0
10217,2,52524,1,36,7.725033760070801,1.0
10217,2,52524,1,60,4.535255432128906,0.9903428819444444
10217,2,52524,1,84,3.8312535285949707,0.9963107638888888
10217,2,52524,1,120,-3.387704372406006,1.0
10217,2,52524,1,180,-2.9719204902648926,1.0
10217,2,52524,1,270,-9.253735542297363,1.0
10217,2,52524,1,405,-9.081247329711914,1.0
10217,2,52524,1,729,-8.87588882446289,1.0
10217,2,52524,1,1050,-8.875475883483887,1.0
10217,9,54083,0,0,-29.074710845947266,1.0
10217,9,54083,0,36,-25.469974517822266,1.0
10217,9,54083,0,60,-25.768348693847656,1.0
10217,9,54083,0,84,-9.936412811279297,0.9975043402777778
10217,9,54083,0,120,-7.686450481414795,1.0
10217,9,54083,0,180,-3.6745667457580566,1.0
10217,9,54083,0,270,-8.60632610321045,1.0
10217,9,54083,0,405,-9.103596687316895,1.0
10217,9,54083,0,729,-8.893372535705566,1.0
10217,9,54083,0,1050,-8.870779991149902,1.0
10218,6,51881,1,0,11.789273262023926,1.0
10218,6,51881,1,36,10.302356719970703,1.0
10218,6,51881,1,60,7.8666768074035645,0.9937065972222222
10218,6,51881,1,84,3.7587857246398926,1.0
10218,6,51881,1,120,2.207770824432373,1.0
10218,6,51881,1,180,1.0578956604003906,1.0
10218,6,51881,1,270,-7.328991889953613,1.0
10218,6,51881,1,405,-7.319674968719482,1.0
10218,6,51881,1,729,-7.024418830871582,1.0
10218,6,51881,1,1050,-7.061497688293457,1.0
10218,7,51909,0,0,-14.942448616027832,1.0
10218,7,51909,0,36,-15.33564281463623,0.9920789930555556
10218,7,51909,0,60,-9.060544967651367,0.9930555555555556
10218,7,51909,0,84,-6.4296040534973145,1.0
10218,7,51909,0,120,-2.1336424350738525,1.0
10218,7,51909,0,180,-3.434047222137451,1.0
10218,7,51909,0,270,-7.254181861877441,1.0
10218,7,51909,0,405,-7.190645694732666,1.0
10218,7,51909,0,729,-7.035837650299072,1.0
10218,7,51909,0,1050,-7.0322794914245605,1.0
10219,6,51938,1,0,13.186750411987305,1.0
10219,6,51938,1,36,5.357915878295898,0.9917534722222222
10219,6,51938,1,60,4.640965938568115,1.0
10219,6,51938,1,84,-6.281980037689209,0.9929470486111112
10219,6,51938,1,120,-0.8186507225036621,1.0
10219,6,51938,1,180,-0.5121570825576782,1.0
10219,6,51938,1,270,-5.490670204162598,1.0
10219,6,51938,1,405,-7.457501411437988,1.0
10219,6,51938,1,729,-8.17790699005127,1.0
10219,6,51938,1,1050,-8.117301940917969,0.9995659722222222
10219,3,50873,0,0,-12.91489028930664,1.0
10219,3,50873,0,36,-11.698593139648438,0.9901258680555556
10219,3,50873,0,60,-9.450847625732422,0.9909939236111112
10219,3,50873,0,84,-5.566638946533203,1.0
10219,3,50873,0,120,-2.4854233264923096,1.0
10219,3,50873,0,180,-2.6876845359802246,1.0
10219,3,50873,0,270,-6.6734938621521,1.0
10219,3,50873,0,405,-2.143094062805176,1.0
10219,3,50873,0,729,-8.183096885681152,1.0
10219,3,50873,0,1050,-8.12834358215332,1.0
10220,0,50197,1,0,22.491352081298828,1.0
10220,0,50197,1,36,18.864791870117188,0.9929470486111112
10220,0,50197,1,60,5.270050525665283,0.9938151041666666
10220,0,50197,1,84,6.965580940246582,0.9984809027777778
10220,0,50197,1,120,-1.739292860031128,1.0
10220,0,50197,1,180,-3.983454942703247,1.0
10220,0,50197,1,270,-10.078130722045898,1.0
10220,0,50197,1,405,-9.868313789367676,1.0
10220,0,50197,1,729,-9.491911888122559,1.0
10220,0,50197,1,1050,-9.482698440551758,1.0
10220,5,50467,0,0,-16.423696517944336,1.0
10220,5,50467,0,36,-9.1423921585083,0.9905598958333334
10220,5,50467,0,60,-10.492467880249023,1.0
10220,5,50467,0,84,-7.110222816467285,1.0
10220,5,50467,0,120,-4.072633266448975,1.0
10220,5,50467,0,180,-5.125502586364746,1.0
10220,5,50467,0,270,-9.824114799499512,1.0
10220,5,50467,0,405,-9.788612365722656,1.0
10220,5,50467,0,729,-9.480260848999023,1.0
10220,5,50467,0,1050,-9.485036849975586,1.0
10221,9,53816,1,0,7.988386154174805,1.0
10221,9,53816,1,36,8.278047561645508,1.0
10221,9,53816,1,60,5.17377233505249,1.0
10221,9,53816,1,84,0.7971236705780029,0.9919704861111112
10221,9,53816,1,120,0.059676408767700195,1.0
10221,9,53816,1,180,-7.887641906738281,1.0
10221,9,53816,1,270,-8.058302879333496,1.0
10221,9,53816,1,405,-7.981136322021484,1.0
10221,9,53816,1,729,-7.895188808441162,1.0
10221,9,53816,1,1050,-7.897253513336182,1.0
10221,4,54324,0,0,-16.734285354614258,1.0
10221,4,54324,0,36,-13.256465911865234,1.0
10221,4,54324,0,60,-6.506707191467285,0.9903428819444444
10221,4,54324,0,84,-8.99349308013916,1.0
10221,4,54324,0,120,-2.202136278152466,1.0
10221,4,54324,0,180,-6.006925582885742,1.0
10221,4,54324,0,270,-8.117761611938477,1.0
10221,4,54324,0,405,-8.092116355895996,1.0
10221,4,54324,0,729,-7.881481170654297,1.0
10221,4,54324,0,1050,-7.894713401794434,1.0
10222,9,52602,1,0,9.05161190032959,1.0
10222,9,52602,1,36,2.171135902404785,0.9896918402777778
10222,9,52602,1,60,4.65199089050293,1.0
10222,9,52602,1,84,0.32314372062683105,0.990234375
10222,9,52602,1,120,1.811164140701294,1.0
10222,9,52602,1,180,-0.8709738850593567,1.0
10222,9,52602,1,270,-8.534757614135742,1.0
10222,9,52602,1,405,-8.770654678344727,1.0
10222,9,52602,1,729,-8.416616439819336,1.0
10222,9,52602,1,1050,-8.379322052001953,1.0
10222,10,53598,0,0,-11.146393775939941,1.0
10222,10,53598,0,36,-8.479881286621094,1.0
10222,10,53598,0,60,-4.69173526763916,1.0
10222,10,53598,0,84,-2.7967703342437744,0.9939236111111112
10222,10,53598,0,120,-0.3948485851287842,1.0
10222,10,53598,0,180,-1.0714305639266968,1.0
10222,10,53598,0,270,-8.421131134033203,1.0
10222,10,53598,0,405,-8.69620418548584,1.0
10222,10,53598,0,729,-8.417325019836426,1.0
10222,10,53598,0,1050,-8.400445938110352,1.0
10223,9,50107,1,0,9.570215225219727,1.0
10223,9,50107,1,36,3.987332344055176,0.9927300347222222
10223,9,50107,1,60,3.3684263229370117,1.0
10223,9,50107,1,84,-4.257132530212402,0.9895833333333334
10223,9,50107,1,120,1.2404837608337402,1.0
10223,9,50107,1,180,-3.5746958255767822,1.0
10223,9,50107,1,270,-7.909077167510986,1.0
10223,9,50107,1,405,-8.189231872558594,1.0
10223,9,50107,1,729,-7.899990081787109,1.0
10223,9,50107,1,1050,-7.879494667053223,1.0
10223,4,53929,0,0,-39.306461334228516,1.0
10223,4,53929,0,36,-39.21936798095703,1.0
10223,4,53929,0,60,-20.63082504272461,1.0
10223,4,53929,0,84,-9.524154663085938,0.9925130208333334
10223,4,53929,0,120,-8.720518112182617,1.0
10223,4,53929,0,180,-4.864514350891113,1.0
10223,4,53929,0,270,-6.004021167755127,1.0
10223,4,53929,0,405,-8.24462604522705,1.0
10223,4,53929,0,729,-7.888847351074219,1.0
10223,4,53929,0,1050,-7.91642951965332,1.0
10224,11,51221,1,0,20.281221389770508,1.0
10224,11,51221,1,36,19.076263427734375,1.0
10224,11,51221,1,60,12.222918510437012,0.9959852430555556
10224,11,51221,1,84,12.585480690002441,1.0
10224,11,51221,1,120,-0.5091081857681274,1.0
10224,11,51221,1,180,-0.0674217939376831,1.0
10224,11,51221,1,270,-7.729876518249512,1.0
10224,11,51221,1,405,-5.128268241882324,1.0
10224,11,51221,1,729,-8.173401832580566,1.0
10224,11,51221,1,1050,-8.137629508972168,1.0
10224,4,50088,0,0,-7.759599685668945,1.0
10224,4,50088,0,36,-7.4356255531311035,1.0
10224,4,50088,0,60,-5.245843887329102,1.0
10224,4,50088,0,84,-4.337533950805664,1.0
10224,4,50088,0,120,-2.5686066150665283,1.0
10224,4,50088,0,180,-1.6174100637435913,1.0
10224,4,50088,0,270,-7.788074493408203,1.0
10224,4,50088,0,405,-8.399612426757812,1.0
10224,4,50088,0,729,-8.173154830932617,1.0
10224,4,50088,0,1050,-8.139874458312988,1.0
10225,6,54744,1,0,7.3021979331970215,1.0
10225,6,54744,1,36,5.357463359832764,0.9933810763888888
10225,6,54744,1,60,2.5088346004486084,1.0
10225,6,54744,1,84,0.8735232353210449,0.9984809027777778
10225,6,54744,1,120,-3.1377878189086914,1.0
10225,6,54744,1,180,-6.375129699707031,1.0
10225,6,54744,1,270,-7.865286827087402,1.0
10225,6,54744,1,405,-7.836986064910889,1.0
10225,6,54744,1,729,-7.680534839630127,1.0
10225,6,54744,1,1050,-7.663876056671143,1.0
10225,1,53669,0,0,-22.496395111083984,1.0
10225,1,53669,0,36,-17.527172088623047,0.9922960069444444
10225,1,53669,0,60,-16.395742416381836,1.0
10225,1,53669,0,84,-10.936036109924316,0.9973958333333334
10225,1,53669,0,120,-6.842877388000488,1.0
10225,1,53669,0,180,-2.309710741043091,1.0
10225,1,53669,0,270,-7.148039817810059,1.0
10225,1,53669,0,405,-7.519267559051514,1.0
10225,1,53669,0,729,-7.693686485290527,1.0
10225,1,53669,0,1050,-7.641249179840088,1.0
10226,6,52441,1,0,12.217790603637695,1.0
10226,6,52441,1,36,3.0104761123657227,0.9914279513888888
10226,6,52441,1,60,6.651010513305664,1.0
10226,6,52441,1,84,5.586169719696045,1.0
10226,6,52441,1,120,0.8186190128326416,1.0
10226,6,52441,1,180,0.2700319290161133,1.0
10226,6,52441,1,270,-5.495149612426758,1.0
10226,6,52441,1,405,-8.769664764404297,1.0
10226,6,52441,1,729,-8.385315895080566,1.0
10226,6,52441,1,1050,-8.399112701416016,1.0
10226,1,53819,0,0,-33.22569274902344,1.0
10226,1,53819,0,36,-30.295743942260742,0.9906684027777778
10226,1,53819,0,60,-19.193553924560547,1.0
10226,1,53819,0,84,-13.713973999023438,0.9908854166666666
10226,1,53819,0,120,-12.276654243469238,1.0
10226,1,53819,0,180,-5.141139984130859,1.0
10226,1,53819,0,270,-7.496542453765869,1.0
10226,1,53819,0,405,-8.302142143249512,1.0
10226,1,53819,0,729,-8.393383979797363,1.0
10226,1,53819,0,1050,-8.360967636108398,1.0
10227,2,51465,1,0,12.098138809204102,1.0
10227,2,51465,1,36,7.8028130531311035,0.9895833333333334
10227,2,51465,1,60,8.401741027832031,1.0
10227,2,51465,1,84,4.303549766540527,0.9976128472222222
10227,2,51465,1,120,3.6062722206115723,1.0
10227,2,51465,1,180,0.18449878692626953,1.0
10227,2,51465,1,270,-9.439327239990234,1.0
10227,2,51465,1,405,-9.067062377929688,1.0
10227,2,51465,1,729,-8.897499084472656,1.0
10227,2,51465,1,1050,-8.846658706665039,1.0
10227,9,51701,0,0,-16.933137893676758,1.0
10227,9,51701,0,36,-15.956969261169434,1.0
10227,9,51701,0,60,-3.291080951690674,0.9868706597222222
10227,9,51701,0,84,-5.420154094696045,1.0
10227,9,51701,0,120,-3.880777597427368,1.0
10227,9,51701,0,180,-2.5098471641540527,1.0
10227,9,51701,0,270,-8.524147033691406,1.0
10227,9,51701,0,405,-9.167821884155273,1.0
10227,9,51701,0,729,-8.899829864501953,1.0
10227,9,51701,0,1050,-8.883031845092773,1.0
10228,6,53028,1,0,2.5933609008789062,1.0
10228,6,53028,1,36,1.4627923965454102,1.0
10228,6,53028,1,60,-2.6969094276428223,1.0
10228,6,53028,1,84,-3.714629650115967,0.9911024305555556
10228,6,53028,1,120,-1.3116569519042969,1.0
10228,6,53028,1,180,0.4284231662750244,1.0
10228,6,53028,1,270,-0.19178462028503418,1.0
10228,6,53028,1,405,-2.8029839992523193,1.0
10228,6,53028,1,729,-7.107307434082031,1.0
10228,6,53028,1,1050,-7.372537136077881,1.0
10228,3,53794,0,0,-18.27669906616211,1.0
10228,3,53794,0,36,-16.698959350585938,0.9933810763888888
10228,3,53794,0,60,-15.194891929626465,1.0
10228,3,53794,0,84,-7.613508224487305,0.9900173611111112
10228,3,53794,0,120,-2.9042069911956787,1.0
10228,3,53794,0,180,-2.4299490451812744,1.0
10228,3,53794,0,270,-7.238626956939697,1.0
10228,3,53794,0,405,-7.200738430023193,1.0
10228,3,53794,0,729,-7.0301032066345215,1.0
10228,3,53794,0,1050,-7.0265212059021,1.0
10229,6,52929,1,0,8.696889877319336,1.0
10229,6,52929,1,36,8.803333282470703,1.0
10229,6,52929,1,60,7.332279205322266,1.0
10229,6,52929,1,84,5.313940525054932,1.0
10229,6,52929,1,120,1.5981614589691162,1.0
10229,6,52929,1,180,-0.287883996963501,1.0
10229,6,52929,1,270,-5.915102958679199,1.0
10229,6,52929,1,405,-8.086128234863281,1.0
10229,6,52929,1,729,-8.188555717468262,1.0
10229,6,52929,1,1050,-8.147649765014648,1.0
10229,11,52399,0,0,-8.444984436035156,1.0
10229,11,52399,0,36,-7.0137481689453125,1.0
10229,11,52399,0,60,-5.4299139976501465,1.0
10229,11,52399,0,84,-4.155271530151367,1.0
10229,11,52399,0,120,-5.138746738433838,1.0
10229,11,52399,0,180,-5.97280740737915,1.0
10229,11,52399,0,270,-8.391739845275879,1.0
10229,11,52399,0,405,-8.278069496154785,1.0
10229,11,52399,0,729,-8.13955307006836,1.0
10229,11,52399,0,1050,-8.165998458862305,1.0
10230,6,51024,1,0,19.72300910949707,1.0
10230,6,51024,1,36,19.81529426574707,0.9835069444444444
10230,6,51024,1,60,9.167099952697754,1.0
10230,6,51024,1,84,4.910712242126465,0.9977213541666666
10230,6,51024,1,120,2.7868471145629883,1.0
10230,6,51024,1,180,-2.904871940612793,1.0
10230,6,51024,1,270,-10.038902282714844,1.0
10230,6,51024,1,405,-10.139448165893555,1.0
10230,6,51024,1,729,-9.47986888885498,1.0
10230,6,51024,1,1050,-9.491941452026367,1.0
10230,10,54740,0,0,-20.036022186279297,1.0
10230,10,54740,0,36,-17.454200744628906,0.9841579861111112
10230,10,54740,0,60,-7.173591613769531,0.9958767361111112
10230,10,54740,0,84,-8.251598358154297,0.9973958333333334
10230,10,54740,0,120,-5.148592948913574,1.0
10230,10,54740,0,180,-6.194106578826904,1.0
10230,10,54740,0,270,-9.809399604797363,1.0
10230,10,54740,0,405,-9.692315101623535,1.0
10230,10,54740,0,729,-9.493656158447266,1.0
10230,10,54740,0,1050,-9.481675148010254,1.0
10231,4,50838,1,0,3.7494759559631348,1.0
10231,4,50838,1,36,3.854006052017212,1.0
10231,4,50838,1,60,-2.361546516418457,0.9929470486111112
10231,4,50838,1,84,2.0622239112854004,1.0
10231,4,50838,1,120,-0.05074429512023926,1.0
10231,4,50838,1,180,-3.1100594997406006,1.0
10231,4,50838,1,270,-8.106466293334961,1.0
10231,4,50838,1,405,-7.980440616607666,1.0
10231,4,50838,1,729,-7.908755779266357,1.0
10231,4,50838,1,1050,-7.918878078460693,1.0
10231,11,53407,0,0,-25.2254638671875,1.0
10231,11,53407,0,36,-22.539161682128906,1.0
10231,11,53407,0,60,-14.208553314208984,0.9932725694444444
10231,11,53407,0,84,-10.304426193237305,1.0
10231,11,53407,0,120,-6.952156066894531,1.0
10231,11,53407,0,180,-2.913081645965576,1.0
10231,11,53407,0,270,-7.991408824920654,1.0
10231,11,53407,0,405,-8.137085914611816,1.0
10231,11,53407,0,729,-7.904834747314453,1.0
10231,11,53407,0,1050,-7.8640456199646,1.0
10232,2,54762,1,0,-2.8843674659729004,1.0
10232,2,54762,1,36,3.7168874740600586,0.9845920138888888
10232,2,54762,1,60,-0.37717700004577637,1.0
10232,2,54762,1,84,-1.6894898414611816,1.0
10232,2,54762,1,120,-1.0932693481445312,1.0
10232,2,54762,1,180,-2.7711262702941895,1.0
10232,2,54762,1,270,-8.75578498840332,1.0
10232,2,54762,1,405,-8.547806739807129,1.0
10232,2,54762,1,729,-8.432817459106445,1.0
10232,2,54762,1,1050,-8.438294410705566,0.9950086805555556
10232,0,52290,0,0,-8.504351615905762,1.0
10232,0,52290,0,36,-7.3852386474609375,0.9838324652777778
10232,0,52290,0,60,-4.988795280456543,1.0
10232,0,52290,0,84,-4.438271522521973,0.9977213541666666
10232,0,52290,0,120,-3.0278916358947754,1.0
10232,0,52290,0,180,-5.117654800415039,1.0
10232,0,52290,0,270,-8.649003982543945,1.0
10232,0,52290,0,405,-8.560212135314941,1.0
10232,0,52290,0,729,-8.422416687011719,1.0
10232,0,52290,0,1050,-8.438904762268066,1.0
10233,9,54377,1,0,11.042370796203613,1.0
10233,9,54377,1,36,12.543510437011719,0.9916449652777778
10233,9,54377,1,60,8.19864273071289,1.0
10233,9,54377,1,84,1.9674100875854492,0.9972873263888888
10233,9,54377,1,120,-1.0822341442108154,1.0
10233,9,54377,1,180,-1.012789011001587,1.0
10233,9,54377,1,270,-3.365238904953003,1.0
10233,9,54377,1,405,-5.699952125549316,1.0
10233,9,54377,1,729,-7.964516639709473,1.0
10233,9,54377,1,1050,-7.901091575622559,1.0
10233,4,53518,0,0,-39.37703323364258,1.0
10233,4,53518,0,36,-36.29163360595703,0.9912109375
10233,4,53518,0,60,-17.403112411499023,0.9881727430555556
10233,4,53518,0,84,-20.907609939575195,1.0
10233,4,53518,0,120,-6.59700345993042,1.0
10233,4,53518,0,180,-7.007425308227539,1.0
10233,4,53518,0,270,-8.247028350830078,1.0
10233,4,53518,0,405,-8.136812210083008,1.0
10233,4,53518,0,729,-7.916957855224609,1.0
10233,4,53518,0,1050,-7.925842761993408,1.0
10234,8,53596,1,0,13.31660270690918,1.0
10234,8,53596,1,36,13.114675521850586,1.0
10234,8,53596,1,60,10.589363098144531,0.9928385416666666
10234,8,53596,1,84,6.315881729125977,1.0
10234,8,53596,1,120,-0.0012116432189941406,1.0
10234,8,53596,1,180,-1.4415792226791382,1.0
10234,8,53596,1,270,-6.641755104064941,1.0
10234,8,53596,1,405,-8.293319702148438,1.0
10234,8,53596,1,729,-8.15034008026123,1.0
10234,8,53596,1,1050,-8.149956703186035,1.0
10234,3,50655,0,0,-16.3525390625,1.0
10234,3,50655,0,36,-17.371458053588867,1.0
10234,3,50655,0,60,-7.245823860168457,0.9949001736111112
10234,3,50655,0,84,-8.636059761047363,1.0
10234,3,50655,0,120,-3.7502281665802,1.0
10234,3,50655,0,180,-1.8676352500915527,1.0
10234,3,50655,0,270,-8.420125961303711,1.0
10234,3,50655,0,405,-8.308348655700684,1.0
10234,3,50655,0,729,-8.16439151763916,1.0
10234,3,50655,0,1050,-8.164758682250977,1.0
10235,8,52717,1,0,10.497963905334473,1.0
10235,8,52717,1,36,6.439876556396484,0.990234375
10235,8,52717,1,60,2.891158103942871,0.9917534722222222
10235,8,52717,1,84,3.027550220489502,0.9986979166666666
10235,8,52717,1,120,0.5620054006576538,1.0
10235,8,52717,1,180,-0.996727466583252,1.0
10235,8,52717,1,270,-8.172707557678223,1.0
10235,8,52717,1,405,-7.819276809692383,1.0
10235,8,52717,1,729,-7.66046142578125,1.0
10235,8,52717,1,1050,-7.632615089416504,1.0
10235,6,51770,0,0,-7.023090839385986,1.0
10235,6,51770,0,36,-4.874707221984863,1.0
10235,6,51770,0,60,-2.7579331398010254,1.0
10235,6,51770,0,84,-0.47113287448883057,1.0
10235,6,51770,0,120,-2.2224678993225098,1.0
10235,6,51770,0,180,-3.2043747901916504,1.0
10235,6,51770,0,270,-7.912028789520264,1.0
10235,6,51770,0,405,-7.813405990600586,1.0
10235,6,51770,0,729,-7.685707092285156,1.0
10235,6,51770,0,1050,-7.689029693603516,0.9993489583333334
10236,10,53553,1,0,12.55087661743164,1.0
10236,10,53553,1,36,11.125771522521973,1.0
10236,10,53553,1,60,0.7382307052612305,0.9868706597222222
10236,10,53553,1,84,1.7288644313812256,1.0
10236,10,53553,1,120,-0.48600780963897705,1.0
10236,10,53553,1,180,-2.202174425125122,1.0
10236,10,53553,1,270,-8.802332878112793,1.0
10236,10,53553,1,405,-8.535268783569336,1.0
10236,10,53553,1,729,-8.40241813659668,1.0
10236,10,53553,1,1050,-8.386148452758789,1.0
10236,8,52677,0,0,-8.948454856872559,1.0
10236,8,52677,0,36,-9.477776527404785,1.0
10236,8,52677,0,60,-11.47216796875,0.990234375
10236,8,52677,0,84,-5.098316192626953,1.0
10236,8,52677,0,120,-2.485541820526123,1.0
10236,8,52677,0,180,-3.8611457347869873,1.0
10236,8,52677,0,270,-8.799188613891602,1.0
10236,8,52677,0,405,-8.977853775024414,1.0
10236,8,52677,0,729,-8.375974655151367,1.0
10236,8,52677,0,1050,-8.388468742370605,1.0
10237,0,53852,1,0,4.383268356323242,1.0
10237,0,53852,1,36,3.480700969696045,1.0
10237,0,53852,1,60,2.095752239227295,1.0
10237,0,53852,1,84,-1.1696780920028687,0.9973958333333334
10237,0,53852,1,120,-2.5756280422210693,1.0
10237,0,53852,1,180,-2.059896230697632,1.0
10237,0,53852,1,270,-9.234108924865723,1.0
10237,0,53852,1,405,-9.04875659942627,1.0
10237,0,53852,1,729,-8.89741325378418,1.0
10237,0,53852,1,1050,-8.875463485717773,1.0
10237,5,54936,0,0,-8.548812866210938,1.0
10237,5,54936,0,36,-9.698330879211426,0.9901258680555556
10237,5,54936,0,60,-3.5499463081359863,1.0
10237,5,54936,0,84,-3.646545648574829,1.0
10237,5,54936,0,120,-1.0912754535675049,1.0
10237,5,54936,0,180,-2.956066131591797,1.0
10237,5,54936,0,270,-9.415538787841797,1.0
10237,5,54936,0,405,-9.091814041137695,1.0
10237,5,54936,0,729,-8.931468963623047,1.0
10237,5,54936,0,1050,-8.86213493347168,1.0
10238,7,51725,1,0,8.216018676757812,1.0
10238,7,51725,1,36,4.463857650756836,1.0
10238,7,51725,1,60,5.056878566741943,1.0
10238,7,51725,1,84,0.9383809566497803,1.0
10238,7,51725,1,120,-0.18025946617126465,1.0
10238,7,51725,1,180,-1.7678935527801514,1.0
10238,7,51725,1,270,-7.384654521942139,1.0
10238,7,51725,1,405,-7.223730087280273,1.0
10238,7,51725,1,729,-7.026672840118408,1.0
10238,7,51725,1,1050,-7.044931411743164,1.0
10238,11,52639,0,0,-32.78183364868164,1.0
10238,11,52639,0,36,-24.747085571289062,0.9901258680555556
10238,11,52639,0,60,-19.28594398498535,1.0
10238,11,52639,0,84,-17.246156692504883,0.9904513888888888
10238,11,52639,0,120,-3.43518328666687,1.0
10238,11,52639,0,180,-2.094913959503174,1.0
10238,11,52639,0,270,-7.196200847625732,1.0
10238,11,52639,0,405,-7.332228660583496,1.0
10238,11,52639,0,729,-7.05999231338501,1.0
10238,11,52639,0,1050,-7.012670516967773,1.0
10239,11,54702,1,0,8.217968940734863,1.0
10239,11,54702,1,36,0.8861074447631836,0.9905598958333334
10239,11,54702,1,60,-7.192669868469238,0.9898003472222222
10239,11,54702,1,84,0.301114559173584,1.0
10239,11,54702,1,120,-2.1841318607330322,1.0
10239,11,54702,1,180,-4.612944602966309,1.0
10239,11,54702,1,270,-8.449440002441406,1.0
10239,11,54702,1,405,-8.244590759277344,1.0
10239,11,54702,1,729,-8.122096061706543,1.0
10239,11,54702,1,1050,-8.131990432739258,1.0
10239,6,53401,0,0,-27.52792739868164,1.0
10239,6,53401,0,36,-22.476869583129883,0.9844835069444444
10239,6,53401,0,60,-15.353473663330078,0.99609375
10239,6,53401,0,84,-15.73476791381836,0.9934895833333334
10239,6,53401,0,120,-2.576507568359375,1.0
10239,6,53401,0,180,-3.2277982234954834,1.0
10239,6,53401,0,270,-8.425980567932129,1.0
10239,6,53401,0,405,-8.399724006652832,1.0
10239,6,53401,0,729,-8.102327346801758,1.0
10239,6,53401,0,1050,-8.12016773223877,1.0
10240,2,51883,1,0,17.619430541992188,1.0
10240,2,51883,1,36,15.173013687133789,0.9836154513888888
10240,2,51883,1,60,9.1189546585083,0.9942491319444444
10240,2,51883,1,84,8.044532775878906,1.0
10240,2,51883,1,120,3.459590435028076,1.0
10240,2,51883,1,180,-1.2216448783874512,1.0
10240,2,51883,1,270,-9.178722381591797,1.0
10240,2,51883,1,405,-9.345346450805664,1.0
10240,2,51883,1,729,-9.477355003356934,1.0
10240,2,51883,1,1050,-9.502056121826172,1.0
10240,1,50512,0,0,-16.457931518554688,1.0
10240,1,50512,0,36,-5.235534191131592,0.9896918402777778
10240,1,50512,0,60,-7.429704189300537,0.9876302083333334
10240,1,50512,0,84,-7.18776798248291,0.9903428819444444
10240,1,50512,0,120,-2.9223761558532715,1.0
10240,1,50512,0,180,-2.577533006668091,1.0
10240,1,50512,0,270,-9.891267776489258,1.0
10240,1,50512,0,405,-9.67467975616455,1.0
10240,1,50512,0,729,-9.5198974609375,1.0
10240,1,50512,0,1050,-9.471112251281738,1.0
10241,8,53049,1,0,6.82560396194458,1.0
10241,8,53049,1,36,7.725100040435791,1.0
10241,8,53049,1,60,3.460620403289795,1.0
10241,8,53049,1,84,2.3348164558410645,1.0
10241,8,53049,1,120,-0.4162070155143738,1.0
10241,8,53049,1,180,-1.5661593675613403,1.0
10241,8,53049,1,270,-8.132762908935547,1.0
10241,8,53049,1,405,-8.083771705627441,1.0
10241,8,53049,1,729,-7.864785671234131,1.0
10241,8,53049,1,1050,-7.891606330871582,1.0
10241,3,54739,0,0,-18.863187789916992,1.0
10241,3,54739,0,36,-14.278617858886719,0.9933810763888888
10241,3,54739,0,60,-11.158401489257812,1.0
10241,3,54739,0,84,-6.834364414215088,1.0
10241,3,54739,0,120,-5.293773651123047,1.0
10241,3,54739,0,180,-3.8364949226379395,1.0
10241,3,54739,0,270,-8.198155403137207,1.0
10241,3,54739,0,405,-8.009117126464844,1.0
10241,3,54739,0,729,-7.860616683959961,1.0
10241,3,54739,0,1050,-7.846352577209473,1.0
10242,0,53237,1,0,13.183438301086426,1.0
10242,0,53237,1,36,14.124553680419922,0.9908854166666666
10242,0,53237,1,60,4.754373550415039,0.9928385416666666
10242,0,53237,1,84,6.9961652755737305,0.9982638888888888
10242,0,53237,1,120,2.749636173248291,1.0
10242,0,53237,1,180,1.0284111499786377,1.0
10242,0,53237,1,270,-7.278791904449463,1.0
10242,0,53237,1,405,-6.950321197509766,1.0
10242,0,53237,1,729,-8.446584701538086,1.0
10242,0,53237,1,1050,-8.40204906463623,1.0
10242,11,53728,0,0,-12.646724700927734,1.0
10242,11,53728,0,36,-11.347907066345215,1.0
10242,11,53728,0,60,-11.719382286071777,0.9934895833333334
10242,11,53728,0,84,-4.664927959442139,1.0
10242,11,53728,0,120,-5.940366744995117,1.0
10242,11,53728,0,180,-3.820230007171631,1.0
10242,11,53728,0,270,-8.752514839172363,1.0
10242,11,53728,0,405,-8.660833358764648,1.0
10242,11,53728,0,729,-8.401909828186035,1.0
10242,11,53728,0,1050,-8.428202629089355,1.0
10243,7,52790,1,0,15.669120788574219,1.0
10243,7,52790,1,36,7.892964839935303,0.9918619791666666
10243,7,52790,1,60,5.828984260559082,1.0
10243,7,52790,1,84,-2.0139245986938477,0.9896918402777778
10243,7,52790,1,120,-1.3885935544967651,1.0
10243,7,52790,1,180,-1.5211857557296753,1.0
10243,7,52790,1,270,-7.16455602645874,1.0
10243,7,52790,1,405,-8.063593864440918,1.0
10243,7,52790,1,729,-7.890264987945557,1.0
10243,7,52790,1,1050,-7.889441967010498,1.0
10243,0,51412,0,0,-14.878870010375977,1.0
10243,0,51412,0,36,-12.891998291015625,1.0
10243,0,51412,0,60,-8.996326446533203,1.0
10243,0,51412,0,84,-4.452836990356445,1.0
10243,0,51412,0,120,-5.280398368835449,1.0
10243,0,51412,0,180,-6.901780128479004,1.0
10243,0,51412,0,270,-6.8185319900512695,1.0
10243,0,51412,0,405,-8.203010559082031,1.0
10243,0,51412,0,729,-7.9183759689331055,1.0
10243,0,51412,0,1050,-7.9130859375,1.0
10244,10,50486,1,0,6.347511291503906,1.0
10244,10,50486,1,36,5.973057746887207,0.9921875
10244,10,50486,1,60,4.309848308563232,1.0
10244,10,50486,1,84,3.124356746673584,1.0
10244,10,50486,1,120,2.6855523586273193,1.0
10244,10,50486,1,180,-2.0818610191345215,1.0
10244,10,50486,1,270,-5.3396830558776855,1.0
10244,10,50486,1,405,-8.371317863464355,1.0
10244,10,50486,1,729,-8.256570816040039,1.0
10244,10,50486,1,1050,-8.13599681854248,1.0
10244,11,50259,0,0,-12.673041343688965,1.0
10244,11,50259,0,36,-9.502466201782227,1.0
10244,11,50259,0,60,-5.653052806854248,1.0
10244,11,50259,0,84,-5.581133842468262,1.0
10244,11,50259,0,120,-3.714264392852783,1.0
10244,11,50259,0,180,-3.2799949645996094,1.0
10244,11,50259,0,270,-8.421929359436035,1.0
10244,11,50259,0,405,-8.363670349121094,1.0
10244,11,50259,0,729,-8.152783393859863,1.0
10244,11,50259,0,1050,-8.14008903503418,1.0
10245,1,53922,1,0,14.226642608642578,1.0
10245,1,53922,1,36,6.09185791015625,0.9899088541666666
10245,1,53922,1,60,8.987031936645508,1.0
10245,1,53922,1,84,2.7988100051879883,1.0
10245,1,53922,1,120,-1.9950251579284668,0.9990234375
10245,1,53922,1,180,-4.569464683532715,1.0
10245,1,53922,1,270,-7.830148220062256,1.0
10245,1,53922,1,405,-7.818833827972412,1.0
10245,1,53922,1,729,-7.649914264678955,1.0
10245,1,53922,1,1050,-7.665415287017822,1.0
10245,8,51563,0,0,-14.878547668457031,1.0
10245,8,51563,0,36,-16.857772827148438,0.9930555555555556
10245,8,51563,0,60,-6.118720054626465,1.0
10245,8,51563,0,84,-7.565011978149414,1.0
10245,8,51563,0,120,-4.009158134460449,1.0
10245,8,51563,0,180,-4.23786735534668,1.0
10245,8,51563,0,270,-7.90105676651001,1.0
10245,8,51563,0,405,-7.859205722808838,1.0
10245,8,51563,0,729,-7.6549391746521,1.0
10245,8,51563,0,1050,-7.665182590484619,1.0
10246,7,53981,1,0,6.252528190612793,1.0
10246,7,53981,1,36,5.806269645690918,0.9839409722222222
10246,7,53981,1,60,1.8742914199829102,1.0
10246,7,53981,1,84,4.000473976135254,1.0
10246,7,53981,1,120,-1.972837209701538,1.0
10246,7,53981,1,180,-1.8821182250976562,1.0
10246,7,53981,1,270,-8.768464088439941,1.0
10246,7,53981,1,405,-8.851613998413086,1.0
10246,7,53981,1,729,-8.382889747619629,1.0
10246,7,53981,1,1050,-8.383063316345215,1.0
10246,9,53719,0,0,-33.26283645629883,1.0
10246,9,53719,0,36,-32.8705940246582,1.0
10246,9,53719,0,60,-28.443378448486328,0.9952256944444444
10246,9,53719,0,84,-13.234729766845703,0.9953342013888888
10246,9,53719,0,120,-6.189741134643555,1.0
10246,9,53719,0,180,-5.131773948669434,1.0
10246,9,53719,0,270,-8.613079071044922,1.0
10246,9,53719,0,405,-8.530616760253906,1.0
10246,9,53719,0,729,-8.407781600952148,1.0
10246,9,53719,0,1050,-8.403846740722656,1.0
10247,10,51477,1,0,6.326699733734131,1.0
10247,10,51477,1,36,5.860504627227783,1.0
10247,10,51477,1,60,6.1390862464904785,0.9931640625
10247,10,51477,1,84,9.8793363571167,0.9896918402777778
10247,10,51477,1,120,1.9525797367095947,1.0
10247,10,51477,1,180,0.45936036109924316,1.0
10247,10,51477,1,270,-9.330848693847656,1.0
10247,10,51477,1,405,-9.171154022216797,1.0
10247,10,51477,1,729,-8.869394302368164,1.0
10247,10,51477,1,1050,-8.861771583557129,1.0
10247,5,52908,0,0,-19.861167907714844,1.0
10247,5,52908,0,36,-11.680109024047852,0.9912109375
10247,5,52908,0,60,-11.692864418029785,0.9943576388888888
10247,5,52908,0,84,-3.9374470710754395,0.9947916666666666
10247,5,52908,0,120,-5.244526386260986,1.0
10247,5,52908,0,180,-4.529139041900635,1.0
10247,5,52908,0,270,-9.10076904296875,1.0
10247,5,52908,0,405,-9.097171783447266,1.0
10247,5,52908,0,729,-8.873003959655762,1.0
10247,5,52908,0,1050,-8.846444129943848,1.0
10248,6,50413,1,0,2.6242852210998535,1.0
10248,6,50413,1,36,0.5235264301300049,0.9915364583333334
10248,6,50413,1,60,1.5238690376281738,1.0
10248,6,50413,1,84,-4.510466575622559,0.9899088541666666
10248,6,50413,1,120,-0.24509423971176147,1.0
10248,6,50413,1,180,-1.927416443824768,1.0
10248,6,50413,1,270,-7.280760288238525,1.0
10248,6,50413,1,405,-7.208307266235352,1.0
10248,6,50413,1,729,-7.026426315307617,1.0
10248,6,50413,1,1050,-7.018529891967773,1.0
10248,7,50496,0,0,-20.615234375,1.0
10248,7,50496,0,36,-21.735034942626953,0.9934895833333334
10248,7,50496,0,60,-13.216073989868164,1.0
10248,7,50496,0,84,-13.0667724609375,0.9963107638888888
10248,7,50496,0,120,-6.193624973297119,1.0
10248,7,50496,0,180,-1.8962061405181885,1.0
10248,7,50496,0,270,-7.320857048034668,1.0
10248,7,50496,0,405,-7.267594814300537,1.0
10248,7,50496,0,729,-7.048583030700684,1.0
10248,7,50496,0,1050,-7.031139373779297,1.0
10249,2,52770,1,0,-2.4680395126342773,1.0
10249,2,52770,1,36,-4.7911529541015625,0.9916449652777778
10249,2,52770,1,60,-1.3002727031707764,0.99609375
10249,2,52770,1,84,-2.891284227371216,0.9942491319444444
10249,2,52770,1,120,-1.40182626247406,1.0
10249,2,52770,1,180,-2.3313252925872803,1.0
10249,2,52770,1,270,-8.399933815002441,1.0
10249,2,52770,1,405,-8.353368759155273,1.0
10249,2,52770,1,729,-8.138548851013184,1.0
10249,2,52770,1,1050,-8.134984016418457,1.0
10249,4,54212,0,0,-21.289644241333008,1.0
10249,4,54212,0,36,-19.765579223632812,0.9900173611111112
10249,4,54212,0,60,-12.119731903076172,0.98828125
10249,4,54212,0,84,-10.547158241271973,1.0
10249,4,54212,0,120,-5.563889503479004,1.0
10249,4,54212,0,180,-1.7470663785934448,1.0
10249,4,54212,0,270,-8.449644088745117,1.0
10249,4,54212,0,405,-8.450387001037598,1.0
10249,4,54212,0,729,-8.121944427490234,1.0
10249,4,54212,0,1050,-8.135695457458496,1.0
